,mp-ps-p-hi-org-obj,mp-ps-p-hi-nrm-obj,mp-ps-p-hi-obj,mp-ps-p-hi-diff,mp-ps-p-hi-freq,mp-ps-p-low-org-obj,mp-ps-p-low-nrm-obj,mp-ps-p-low-obj,mp-ps-p-low-diff,mp-ps-p-low-freq,mp-ps-p-mid-org-obj,mp-ps-p-mid-nrm-obj,mp-ps-p-mid-obj,mp-ps-p-mid-diff,mp-ps-p-mid-freq
resolved-p14d-c14d-comp-ps/resolved-c14d-p14d-3600-3rd/nsp-n30-d28-r0.10-rp2-fp2-s2,0 0 0 0 0 507 -47,0.0 0.0 0.0 0.0 0.0 0.8640776699029126 1.0,9.640776699029125,0.23333333333333334,106,0 0 0 0 0 418 -64,0.0 0.0 0.0 0.0 0.0 0.0 0.0,0.0,0.35714285714285715,30,0 0 0 0 0 521 -48,0.0 0.0 0.0 0.0 0.0 1.0 0.9411764705882353,10.941176470588236,0.28809523809523807,59
resolved-p14d-c14d-comp-ps/resolved-c14d-p14d-3600-3rd/nsp-n50-d28-r0.10-rp2-fp2-s8,74 221 10437 937 37 7880 10,1.0 1.0 1.0 1.0 1.0 1.0 0.9733333333333334,1111110.9733333334,0.56,279,32 94 9659 468 16 7744 12,0.045454545454545456 0.0 0.39171227521501173 0.23491027732463296 0.16 0.0 1.0,49623.57848402021,0.8128571428571428,562,30 109 9158 324 12 7879 -63,0.0 0.11811023622047244 0.0 0.0 0.0 0.9926470588235294 0.0,11820.95009263548,0.8128571428571428,547
resolved-p14d-c14d-comp-ps/resolved-c14d-p14d-3600-3rd/nsp-n50-d28-r0.10-rp2-fp2-s3,27 9 4348 25382 0 11542 -226,1.0 0.0 1.0 0.0 0.0 1.0 1.0,1010011.0,0.6514285714285715,28,26 11 4180 25419 1 11379 -248,0.0 1.0 0.0 0.5967741935483871 1.0 0.0 0.08333333333333333,100696.85752688172,0.6542857142857142,833,26 11 4249 25444 1 11470 -250,0.0 1.0 0.4107142857142857 1.0 1.0 0.558282208588957 0.0,105212.72567922875,0.6514285714285715,756
resolved-p14d-c14d-comp-ps/resolved-c14d-p14d-3600-3rd/nsp-n10-d28-r0.10-rp0-fp0-s8,3 12 7 24 0 165 -13,0.0 0.0 1.0 1.0 0.0 0.0 0.0,11000.0,0.03571428571428571,2232,10 81 5 21 1 341 -2,1.0 1.0 0.6 0.7 1.0 0.9263157894736842 1.0,1106810.2631578948,0.6785714285714286,3445,10 80 2 14 0 355 -6,1.0 0.9855072463768116 0.0 0.0 0.0 1.0 0.6363636363636364,1098561.3610013176,0.6714285714285714,3329
resolved-p14d-c14d-comp-ps/resolved-c14d-p14d-3600-3rd/nsp-n30-d28-r0.10-rp2-fp2-s5,23 41 742 1806 8 2188 34,1.0 1.0 0.0 0.0 1.0 0.0 1.0,1100101.0,0.01904761904761905,581,0 0 1368 12192 0 4118 -97,0.0 0.0 1.0 0.9307285599068017 0.0 0.9953584321815369 0.07092198581560284,10940.753066214433,0.6404761904761904,188,0 0 1352 12965 0 4127 -107,0.0 0.0 0.9744408945686901 1.0 0.0 1.0 0.0,10754.4089456869,0.6476190476190476,164
resolved-p14d-c14d-comp-ps/resolved-c14d-p14d-3600-3rd/nsp-n30-d28-r0.10-rp2-fp2-s9,19 136 10 148 3 438 -65,0.0 0.0 0.0 1.0 0.0 0.0 0.0,1000.0,0.009523809523809525,774,28 240 42 100 16 962 -30,0.75 0.8739495798319328 0.25196850393700787 0.3924050632911392 1.0 1.0 1.0,840418.0480858545,0.6476190476190476,1142,31 255 137 69 7 734 -35,1.0 1.0 1.0 0.0 0.3076923076923077 0.5648854961832062 0.8571428571428571,1110037.2752285881,0.6214285714285714,1223
resolved-p14d-c14d-comp-ps/resolved-c14d-p14d-3600-3rd/nsp-n40-d28-r0.10-rp2-fp2-s7,16 6 2601 20947 0 7505 -169,1.0 1.0 1.0 1.0 0.0 1.0 1.0,1111011.0,0.6464285714285715,28,15 2 2423 20344 1 7280 -188,0.0 0.0 0.0 0.0 1.0 0.0 0.0,100.0,0.6410714285714286,923,15 3 2489 20450 0 7374 -173,0.0 0.25 0.3707865168539326 0.175787728026534 0.0 0.4177777777777778 0.7894736842105263,28888.62014802785,0.6410714285714286,332
resolved-p14d-c14d-comp-ps/resolved-c14d-p14d-3600-3rd/nsp-n50-d28-r0.10-rp2-fp2-s4,18 7 4217 26208 0 11421 -192,0.0 0.0 0.0 1.0 0.0 0.0 1.0,1001.0,0.6471428571428571,787,18 7 4292 25902 1 11454 -195,0.0 0.0 0.5681818181818182 0.0 1.0 0.18232044198895028 0.25,5783.891386238071,0.6542857142857142,70,18 7 4349 26201 0 11602 -196,0.0 0.0 1.0 0.9771241830065359 0.0 1.0 0.0,10987.124183006536,0.6528571428571428,66
resolved-p14d-c14d-comp-ps/resolved-c14d-p14d-3600-3rd/nsp-n30-d28-r0.10-rp2-fp2-s6,42 274 2375 1249 104 2079 36,1.0 1.0 0.09022556390977443 1.0 1.0 1.0 0.0,1102012.2556390977,0.06190476190476191,604,23 210 3101 560 39 1842 68,0.0 0.0 1.0 0.0 0.0 0.0 0.8421052631578947,10000.842105263158,0.7761904761904762,966,25 233 2303 568 49 1866 74,0.10526315789473684 0.359375 0.0 0.011611030478955007 0.15384615384615385 0.10126582278481013 1.0,141229.6661988283,0.7833333333333333,771
resolved-p14d-c14d-comp-ps/resolved-c14d-p14d-3600-3rd/nsp-n20-d28-r0.10-rp2-fp2-s0,0 0 0 0 0 85 -48,0.0 0.0 0.0 0.0 0.0 0.0 0.23076923076923078,0.23076923076923078,0.07857142857142857,279,0 0 0 0 0 102 -28,0.0 0.0 0.0 0.0 0.0 0.85 1.0,9.5,0.5642857142857143,101,0 0 0 0 0 105 -54,0.0 0.0 0.0 0.0 0.0 1.0 0.0,10.0,0.07857142857142857,370
resolved-p14d-c14d-comp-ps/resolved-c14d-p14d-3600-3rd/nsp-n50-d28-r0.10-rp2-fp2-s6,20 8 4269 25251 0 11375 -225,1.0 0.0 0.0 0.0 0.0 0.0 1.0,1000001.0,0.6385714285714286,117,18 8 4330 25649 0 11494 -243,0.0 0.0 0.8356164383561644 0.8257261410788381 0.0 0.7986577181208053 0.28,9190.15710182169,0.6414285714285715,199,19 8 4342 25733 1 11524 -250,0.5 0.0 1.0 1.0 1.0 1.0 0.0,511110.0,0.6414285714285715,106
resolved-p14d-c14d-comp-ps/resolved-c14d-p14d-3600-3rd/nsp-n40-d28-r0.10-rp2-fp2-s1,17 16 2569 17725 0 7264 -193,1.0 1.0 1.0 0.0 0.0 0.0 1.0,1110001.0,0.6285714285714286,591,16 4 2549 20655 0 7372 -244,0.0 0.0 0.5238095238095238 1.0 0.0 1.0 0.0,6248.0952380952385,0.6339285714285714,262,16 4 2527 20540 0 7334 -241,0.0 0.0 0.0 0.9607508532423208 0.0 0.6481481481481481 0.058823529411764705,967.291158253214,0.6285714285714286,385
resolved-p14d-c14d-comp-ps/resolved-c14d-p14d-3600-3rd/nsp-n10-d28-r0.10-rp0-fp0-s3,0 0 0 0 0 96 -27,0.0 0.0 0.0 0.0 0.0 0.0 0.4,0.4,0.07142857142857142,230,0 0 0 0 0 115 -24,0.0 0.0 0.0 0.0 0.0 1.0 1.0,11.0,0.6214285714285714,67,0 0 0 0 0 102 -29,0.0 0.0 0.0 0.0 0.0 0.3157894736842105 0.0,3.1578947368421053,0.07142857142857142,208
resolved-p14d-c14d-comp-ps/resolved-c14d-p14d-3600-3rd/nsp-n10-d28-r0.10-rp0-fp0-s5,2 0 8 50 1 176 -29,1.0 0.0 0.0 0.0 0.0 0.0 0.0,1000000.0,0.02142857142857143,2011,0 0 58 338 2 592 10,0.0 0.0 0.746268656716418 0.5806451612903226 1.0 0.8559670781893004 1.0,8152.891399236396,0.6857142857142857,1888,0 0 75 546 2 662 6,0.0 0.0 1.0 1.0 1.0 1.0 0.8974358974358975,11110.897435897436,0.6142857142857143,1855
resolved-p14d-c14d-comp-ps/resolved-c14d-p14d-3600-3rd/nsp-n20-d28-r0.10-rp2-fp2-s9,0 0 0 0 0 92 -34,0.0 0.0 0.0 0.0 0.0 0.0 0.0,0.0,0.07857142857142857,419,0 0 0 0 0 105 -15,0.0 0.0 0.0 0.0 0.0 0.65 1.0,7.5,0.6178571428571429,42,0 0 0 0 0 112 -26,0.0 0.0 0.0 0.0 0.0 1.0 0.42105263157894735,10.421052631578947,0.07857142857142857,304
resolved-p14d-c14d-comp-ps/resolved-c14d-p14d-3600-3rd/nsp-n50-d28-r0.10-rp2-fp2-s7,25 21 4405 25552 0 11616 -262,1.0 1.0 1.0 0.0 0.0 1.0 1.0,1110011.0,0.7314285714285714,549,23 8 4324 26248 1 11506 -278,0.0 0.0 0.4413793103448276 1.0 1.0 0.5435684647302904 0.0,5519.228788095578,0.7557142857142857,63,23 8 4260 26199 0 11375 -273,0.0 0.0 0.0 0.9295977011494253 0.0 0.0 0.3125,929.9102011494253,0.75,144
resolved-p14d-c14d-comp-ps/resolved-c14d-p14d-3600-3rd/nsp-n30-d28-r0.10-rp2-fp2-s4,12 5 1410 14082 0 4264 -83,1.0 1.0 0.40625 0.0 0.0 0.0 1.0,1104063.5,0.65,176,11 4 1397 14593 1 4330 -107,0.0 0.0 0.0 1.0 1.0 0.4888888888888889 0.1111111111111111,1105.0,0.6452380952380953,1302,11 4 1429 14538 0 4399 -110,0.0 0.0 1.0 0.8923679060665362 0.0 1.0 0.0,10902.367906066536,0.638095238095238,705
resolved-p14d-c14d-comp-ps/resolved-c14d-p14d-3600-3rd/nsp-n50-d28-r0.10-rp2-fp2-s1,21 88 3367 12761 1 8570 -107,1.0 1.0 0.0 0.0 1.0 0.0 1.0,1100101.0,0.36142857142857143,406,0 0 4083 23624 0 10952 -211,0.0 0.0 0.988950276243094 0.9800613496932515 0.0 0.9929137140475198 0.0,10879.493249264666,0.6514285714285715,79,0 0 4091 23845 0 10969 -208,0.0 0.0 1.0 1.0 0.0 1.0 0.028846153846153848,11010.028846153846,0.66,76
resolved-p14d-c14d-comp-ps/resolved-c14d-p14d-3600-3rd/nsp-n20-d28-r0.10-rp2-fp2-s7,0 0 0 0 0 250 -22,0.0 0.0 0.0 0.0 0.0 1.0 1.0,11.0,0.32142857142857145,119,0 0 0 0 0 75 -27,0.0 0.0 0.0 0.0 0.0 0.0 0.8529411764705882,0.8529411764705882,0.6142857142857143,59,0 0 0 0 0 95 -56,0.0 0.0 0.0 0.0 0.0 0.11428571428571428 0.0,1.1428571428571428,0.17142857142857143,249
resolved-p14d-c14d-comp-ps/resolved-c14d-p14d-3600-3rd/nsp-n10-d28-r0.10-rp0-fp0-s0,6 22 17 81 3 184 -16,1.0 0.0 1.0 1.0 1.0 0.0 0.23076923076923078,1011100.2307692308,0.02142857142857143,1859,4 73 0 15 2 230 -19,0.0 1.0 0.0 0.0 0.0 0.9019607843137255 0.0,100009.01960784313,0.6071428571428571,3295,4 66 0 17 3 235 -6,0.0 0.8627450980392157 0.0 0.030303030303030304 1.0 1.0 1.0,86415.81283422459,0.5714285714285714,3319
resolved-p14d-c14d-comp-ps/resolved-c14d-p14d-3600-3rd/nsp-n40-d28-r0.10-rp2-fp2-s3,23 96 1840 8409 0 5220 -57,1.0 1.0 0.0 0.0 0.0 0.0 1.0,1100001.0,0.3107142857142857,343,0 0 2293 17543 0 6846 -162,0.0 0.0 1.0 1.0 0.0 1.0 0.0,11010.0,0.625,174,0 0 2119 16625 1 6584 -158,0.0 0.0 0.6158940397350994 0.8994963871250273 1.0 0.8388683886838868 0.0380952380952381,7166.863563600956,0.6339285714285714,286
resolved-p14d-c14d-comp-ps/resolved-c14d-p14d-3600-3rd/nsp-n30-d28-r0.10-rp2-fp2-s1,22 28 809 2565 6 2389 -62,1.0 1.0 0.0 0.0 1.0 0.0 1.0,1100101.0,0.007142857142857143,575,0 0 1406 13064 1 4256 -116,0.0 0.0 1.0 1.0 0.16666666666666666 1.0 0.0,11026.666666666666,0.6357142857142857,179,0 0 1235 11423 0 3900 -91,0.0 0.0 0.7135678391959799 0.8436993999428517 0.0 0.8093197643277986 0.46296296296296297,7987.933952508891,0.6452380952380953,461
resolved-p14d-c14d-comp-ps/resolved-c14d-p14d-3600-3rd/nsp-n20-d28-r0.10-rp2-fp2-s6,7 4 623 9404 0 2149 -76,0.0 1.0 0.0 1.0 0.0 1.0 1.0,101011.0,0.6392857142857142,1338,7 2 627 9096 0 2131 -98,0.0 0.0 0.5714285714285714 0.0 0.0 0.0 0.0,5714.285714285714,0.6464285714285715,1578,7 2 630 9097 0 2143 -98,0.0 0.0 1.0 0.003246753246753247 0.0 0.6666666666666666 0.0,10009.913419913419,0.65,1028
resolved-p14d-c14d-comp-ps/resolved-c14d-p14d-3600-3rd/nsp-n20-d28-r0.10-rp2-fp2-s8,17 137 221 328 57 964 43,0.0 0.0 0.9475982532751092 1.0 0.9649122807017544 1.0 1.0,10583.473760821267,0.010714285714285714,700,17 168 233 125 59 473 4,0.0 0.775 1.0 0.3024054982817869 1.0 0.1088929219600726 0.0,87903.4944275014,0.7714285714285715,1501,17 177 4 37 2 413 18,0.0 1.0 0.0 0.0 0.0 0.0 0.358974358974359,100000.35897435897,0.6714285714285714,1482
resolved-p14d-c14d-comp-ps/resolved-c14d-p14d-3600-3rd/nsp-n10-d28-r0.10-rp0-fp0-s2,0 0 0 0 0 98 -31,0.0 0.0 0.0 0.0 0.0 1.0 0.0,10.0,0.12142857142857143,175,0 0 0 0 0 87 -21,0.0 0.0 0.0 0.0 0.0 0.0 1.0,1.0,0.7,55,0 0 0 0 0 93 -31,0.0 0.0 0.0 0.0 0.0 0.5454545454545454 0.0,5.454545454545454,0.12142857142857143,154
resolved-p14d-c14d-comp-ps/resolved-c14d-p14d-3600-3rd/nsp-n50-d28-r0.10-rp2-fp2-s2,28 8 4333 25705 0 11519 -186,1.0 1.0 1.0 1.0 0.0 1.0 1.0,1111011.0,0.7385714285714285,31,27 4 4191 25153 0 11346 -206,0.0 0.0 0.0 0.0 0.0 0.0 0.0,0.0,0.7271428571428571,598,27 5 4200 25228 0 11384 -197,0.0 0.25 0.06338028169014084 0.1358695652173913 0.0 0.21965317919075145 0.45,25772.318913910705,0.7285714285714285,325
resolved-p14d-c14d-comp-ps/resolved-c14d-p14d-3600-3rd/nsp-n10-d28-r0.10-rp0-fp0-s7,0 0 0 0 0 90 -14,0.0 0.0 0.0 0.0 0.0 0.0 1.0,1.0,0.2,222,0 0 0 0 0 101 -23,0.0 0.0 0.0 0.0 0.0 1.0 0.0,10.0,0.6642857142857143,91,0 0 0 0 0 101 -22,0.0 0.0 0.0 0.0 0.0 1.0 0.1111111111111111,10.11111111111111,0.2,272
resolved-p14d-c14d-comp-ps/resolved-c14d-p14d-3600-3rd/nsp-n20-d28-r0.10-rp2-fp2-s1,23 157 65 290 11 301 -30,1.0 0.0 1.0 1.0 0.25 0.0 0.0,1011025.0,0.014285714285714285,776,22 182 57 121 17 448 -3,0.0 1.0 0.8688524590163934 0.24553571428571427 1.0 1.0 0.9,109044.96030444963,0.7964285714285714,908,22 172 4 66 9 381 0,0.0 0.6 0.0 0.0 0.0 0.54421768707483 1.0,60006.44217687075,0.6392857142857142,1640
resolved-p14d-c14d-comp-ps/resolved-c14d-p14d-3600-3rd/nsp-n10-d28-r0.10-rp0-fp0-s9,0 0 0 0 0 103 -38,0.0 0.0 0.0 0.0 0.0 1.0 0.0,10.0,0.16428571428571428,163,0 0 0 0 0 87 -31,0.0 0.0 0.0 0.0 0.0 0.0 0.6363636363636364,0.6363636363636364,0.6357142857142857,147,0 0 0 0 0 103 -27,0.0 0.0 0.0 0.0 0.0 1.0 1.0,11.0,0.16428571428571428,113
resolved-p14d-c14d-comp-ps/resolved-c14d-p14d-3600-3rd/nsp-n40-d28-r0.10-rp2-fp2-s4,17 7 2568 20400 0 7404 -208,1.0 0.0 1.0 0.0 0.0 0.056338028169014086 1.0,1010001.5633802817,0.6446428571428572,139,15 7 2554 20873 0 7471 -226,0.0 0.0 0.48148148148148145 1.0 0.0 1.0 0.0,5824.814814814815,0.6535714285714286,855,16 7 2541 20498 0 7400 -226,0.5 0.0 0.0 0.20718816067653276 0.0 0.0 0.0,500207.1881606765,0.6464285714285715,441
resolved-p14d-c14d-comp-ps/resolved-c14d-p14d-3600-3rd/nsp-n50-d28-r0.10-rp2-fp2-s9,0 0 0 0 0 1322 -143,0.0 0.0 0.0 0.0 0.0 0.8771929824561403 0.0,8.771929824561402,0.43,48,0 0 0 0 0 1072 -110,0.0 0.0 0.0 0.0 0.0 0.0 1.0,1.0,0.5442857142857143,66,0 0 0 0 0 1357 -120,0.0 0.0 0.0 0.0 0.0 1.0 0.696969696969697,10.696969696969697,0.4257142857142857,60
resolved-p14d-c14d-comp-ps/resolved-c14d-p14d-3600-3rd/nsp-n50-d28-r0.10-rp2-fp2-s0,51 371 8306 1197 516 8103 20,1.0 1.0 0.0 1.0 1.0 1.0 0.8421052631578947,1101110.8421052631,0.3242857142857143,240,36 134 9789 324 12 7649 -44,0.0625 0.0 0.8703051643192489 0.0 0.0 0.38896366083445494 0.0,71206.94127980084,0.7871428571428571,446,35 155 10010 704 211 7360 32,0.0 0.08860759493670886 1.0 0.4352806414662085 0.3948412698412698 0.0 1.0,19336.52426212122,0.7871428571428571,489
resolved-p14d-c14d-comp-ps/resolved-c14d-p14d-3600-3rd/nsp-n40-d28-r0.10-rp2-fp2-s8,0 0 0 0 0 814 -84,0.0 0.0 0.0 0.0 0.0 1.0 0.7142857142857143,10.714285714285714,0.39464285714285713,99,0 0 0 0 0 351 -94,0.0 0.0 0.0 0.0 0.0 0.0 0.0,0.0,0.6517857142857143,75,0 0 0 0 0 810 -80,0.0 0.0 0.0 0.0 0.0 0.9913606911447084 1.0,10.913606911447083,0.3482142857142857,151
resolved-p14d-c14d-comp-ps/resolved-c14d-p14d-3600-3rd/nsp-n30-d28-r0.10-rp2-fp2-s8,24 32 630 2597 0 1792 -96,1.0 1.0 0.0 0.0 0.0 0.0 1.0,1100001.0,0.009523809523809525,673,0 0 1300 12597 0 3984 -147,0.0 0.0 1.0 1.0 0.0 1.0 0.0,11010.0,0.6404761904761904,299,0 0 1108 11881 0 3670 -124,0.0 0.0 0.7134328358208956 0.9284 0.0 0.8567518248175182 0.45098039215686275,8071.746856849287,0.6309523809523809,521
resolved-p14d-c14d-comp-ps/resolved-c14d-p14d-3600-3rd/nsp-n10-d28-r0.10-rp0-fp0-s1,12 32 34 155 17 240 -21,0.0 0.0 1.0 1.0 1.0 0.0 0.45454545454545453,11100.454545454546,0.014285714285714285,1713,12 88 0 16 0 279 -26,0.0 0.9824561403508771 0.0 0.0 0.0 0.34513274336283184 0.0,98249.06536252135,0.7214285714285714,3655,13 89 1 32 2 353 -15,1.0 1.0 0.029411764705882353 0.11510791366906475 0.11764705882352941 1.0 1.0,1100431.9902666102,0.7,3439
resolved-p14d-c14d-comp-ps/resolved-c14d-p14d-3600-3rd/nsp-n40-d28-r0.10-rp2-fp2-s5,55 561 316 500 76 1427 40,1.0 1.0 1.0 1.0 1.0 1.0 1.0,1111111.0,0.4160714285714286,375,25 367 79 139 20 1094 -58,0.03225806451612903 0.0 0.23300970873786409 0.0 0.1111111111111111 0.2219626168224299 0.06666666666666667,34601.559007453674,0.7392857142857143,594,24 376 7 172 13 999 -65,0.0 0.04639175257731959 0.0 0.09141274238227147 0.0 0.0 0.0,4730.5880001142295,0.7482142857142857,814
resolved-p14d-c14d-comp-ps/resolved-c14d-p14d-3600-3rd/nsp-n10-d28-r0.10-rp0-fp0-s6,1 3 160 4726 1 862 -35,1.0 0.0 1.0 1.0 1.0 1.0 0.0,1011110.0,0.5571428571428572,3193,0 47 50 190 0 441 -1,0.0 1.0 0.0 0.0 0.0 0.0 0.7555555555555555,100000.75555555556,0.6214285714285714,2855,0 7 86 1063 1 675 10,0.0 0.09090909090909091 0.32727272727272727 0.19246031746031747 1.0 0.5558194774346793 1.0,12662.654875871029,0.5571428571428572,3145
resolved-p14d-c14d-comp-ps/resolved-c14d-p14d-3600-3rd/nsp-n10-d28-r0.10-rp0-fp0-s4,2 36 22 61 3 242 -17,0.0 0.0 1.0 1.0 0.75 0.0 0.5833333333333334,11075.583333333334,0.02857142857142857,1840,9 90 4 44 4 311 -12,1.0 1.0 0.0 0.5277777777777778 1.0 0.8117647058823529 1.0,1100636.8954248365,0.7642857142857142,3257,8 74 13 25 0 327 -24,0.8571428571428571 0.7037037037037037 0.5 0.0 0.0 1.0 0.0,932523.2275132274,0.7357142857142858,3421
resolved-p14d-c14d-comp-ps/resolved-c14d-p14d-3600-3rd/nsp-n40-d28-r0.10-rp2-fp2-s0,19 99 1921 8958 0 5022 -91,1.0 1.0 0.0 0.0 0.0 0.0 1.0,1100001.0,0.26607142857142857,416,0 0 2363 18488 0 6904 -147,0.0 0.0 0.8700787401574803 0.9407699901283317 0.0 0.9091787439613527 0.0,9650.649179142749,0.6410714285714286,116,0 0 2429 19088 0 7092 -147,0.0 0.0 1.0 1.0 0.0 1.0 0.0,11010.0,0.6446428571428572,69
resolved-p14d-c14d-comp-ps/resolved-c14d-p14d-3600-3rd/nsp-n40-d28-r0.10-rp2-fp2-s9,23 7 2577 20518 0 7453 -198,1.0 0.0 0.0 0.0 0.0 0.0 1.0,1000001.0,0.6375,82,22 7 2584 20955 0 7497 -219,0.0 0.0 0.6363636363636364 1.0 0.0 0.8461538461538461 0.0,7372.097902097902,0.6375,221,22 7 2588 20739 0 7505 -219,0.0 0.0 1.0 0.505720823798627 0.0 1.0 0.0,10515.720823798627,0.6446428571428572,164
resolved-p14d-c14d-comp-ps/resolved-c14d-p14d-3600-3rd/nsp-n20-d28-r0.10-rp2-fp2-s4,9 3 604 8836 2 2081 -51,1.0 0.0 1.0 1.0 1.0 1.0 0.0,1011110.0,0.6464285714285715,1617,7 13 582 6806 0 1997 -8,0.0 1.0 0.0 0.0 0.0 0.0 1.0,100001.0,0.675,1031,9 3 589 8215 0 2030 -46,1.0 0.0 0.3181818181818182 0.6940886699507389 0.0 0.39285714285714285 0.11627906976744186,1003879.9517022673,0.6464285714285715,1611
resolved-p14d-c14d-comp-ps/resolved-c14d-p14d-3600-3rd/nsp-n30-d28-r0.10-rp2-fp2-s3,18 7 1467 14782 0 4522 -84,1.0 1.0 1.0 1.0 0.0 1.0 1.0,1111011.0,0.7380952380952381,888,17 6 1453 14769 0 4479 -89,0.0 0.0 0.3333333333333333 0.5 0.0 0.5 0.6666666666666666,3838.9999999999995,0.7476190476190476,333,17 6 1446 14756 0 4436 -99,0.0 0.0 0.0 0.0 0.0 0.0 0.0,0.0,0.7404761904761905,508
resolved-p14d-c14d-comp-ps/resolved-c14d-p14d-3600-3rd/nsp-n40-d28-r0.10-rp2-fp2-s2,56 294 5981 976 56 4355 38,1.0 1.0 1.0 1.0 1.0 1.0 1.0,1111111.0,0.48035714285714287,356,34 203 5214 522 50 4068 23,0.08333333333333333 0.0 0.0 0.0 0.14285714285714285 0.0 0.0,83347.61904761904,0.8017857142857143,651,32 211 5362 615 49 4299 29,0.0 0.08791208791208792 0.19295958279009126 0.20484581497797358 0.0 0.8048780487804879 0.4,10934.099214575483,0.8017857142857143,583
resolved-p14d-c14d-comp-ps/resolved-c14d-p14d-3600-3rd/nsp-n30-d28-r0.10-rp2-fp2-s7,0 0 0 0 0 373 -59,0.0 0.0 0.0 0.0 0.0 0.0 0.3076923076923077,0.3076923076923077,0.3261904761904762,56,0 0 0 0 0 465 -41,0.0 0.0 0.0 0.0 0.0 1.0 1.0,11.0,0.3880952380952381,29,0 0 0 0 0 425 -67,0.0 0.0 0.0 0.0 0.0 0.5652173913043478 0.0,5.652173913043478,0.30238095238095236,78
resolved-p14d-c14d-comp-ps/resolved-c14d-p14d-3600-3rd/nsp-n40-d28-r0.10-rp2-fp2-s6,18 7 2601 20337 0 7505 -172,1.0 1.0 1.0 1.0 0.0 1.0 1.0,1111011.0,0.6553571428571429,34,17 3 2421 19795 0 7194 -188,0.0 0.0 0.0 0.4089422028353326 0.0 0.0 0.0,408.94220283533264,0.6410714285714286,968,17 3 2463 19420 0 7319 -178,0.0 0.0 0.23333333333333334 0.0 0.0 0.40192926045016075 0.625,2337.977625937835,0.6464285714285715,500
resolved-p14d-c14d-comp-ps/resolved-c14d-p14d-3600-3rd/nsp-n50-d28-r0.10-rp2-fp2-s5,33 92 3139 13046 1 8660 -69,1.0 1.0 0.0 0.0 1.0 0.0 1.0,1100101.0,0.3757142857142857,365,0 0 4009 22525 0 10870 -200,0.0 0.0 1.0 0.9899738903394256 0.0 1.0 0.015037593984962405,10999.988927933411,0.6385714285714286,139,0 0 4001 22621 0 10855 -202,0.0 0.0 0.9908045977011494 1.0 0.0 0.9932126696832579 0.0,10917.978103708327,0.6385714285714286,128
resolved-p14d-c14d-comp-ps/resolved-c14d-p14d-3600-3rd/nsp-n20-d28-r0.10-rp2-fp2-s2,12 6 234 1338 0 772 -39,1.0 1.0 0.0 0.0 0.0 0.0 0.6,1100000.6,0.010714285714285714,1049,0 0 633 7539 0 2127 -37,0.0 0.0 1.0 0.958571649404854 0.0 0.9992625368731564 1.0,10969.564274773586,0.6321428571428571,468,0 0 626 7807 0 2128 -42,0.0 0.0 0.9824561403508771 1.0 0.0 1.0 0.0,10834.561403508771,0.6071428571428571,406
resolved-p14d-c14d-comp-ps/resolved-c14d-p14d-3600-3rd/nsp-n20-d28-r0.10-rp2-fp2-s3,0 0 0 0 0 123 -48,0.0 0.0 0.0 0.0 0.0 0.0 0.0,0.0,0.075,363,0 0 0 0 0 130 -43,0.0 0.0 0.0 0.0 0.0 0.05223880597014925 0.14705882352941177,0.6694468832309043,0.5857142857142857,51,0 0 0 0 0 257 -14,0.0 0.0 0.0 0.0 0.0 1.0 1.0,11.0,0.3107142857142857,139
resolved-p14d-c14d-comp-ps/resolved-c14d-p14d-3600-3rd/nsp-n20-d28-r0.10-rp2-fp2-s5,9 10 591 7447 0 2034 -14,0.3333333333333333 1.0 0.37373737373737376 0.19089207735495944 0.0 0.24669603524229075 0.6,437264.6661084144,0.6357142857142857,1229,8 5 554 7141 0 1978 0,0.0 0.16666666666666666 0.0 0.0 0.0 0.0 1.0,16667.666666666664,0.6678571428571428,1251,11 4 653 8744 0 2205 -35,1.0 0.0 1.0 1.0 0.0 1.0 0.0,1011010.0,0.65,1032
resolved-p14d-c14d-comp-ps/resolved-c14d-p14d-3600-3rd/nsp-n30-d28-r0.10-rp2-fp2-s0,9 5 1435 14165 0 4396 -97,1.0 0.0 1.0 0.0 0.0 1.0 1.0,1010011.0,0.638095238095238,241,7 13 1381 14494 2 4320 -121,0.0 1.0 0.39325842696629215 0.7908653846153846 1.0 0.45714285714285713 0.1724137931034483,104828.19349664285,0.6428571428571429,1102,7 13 1346 14581 1 4256 -126,0.0 1.0 0.0 1.0 0.5 0.0 0.0,101050.0,0.65,1199
resolved-p14d-c14d-comp-ps/resolved-c14d-p14d-3600-1st/nsp-n30-d28-r0.10-rp2-fp2-s2,0 0 0 0 0 540 -48,0.0 0.0 0.0 0.0 0.0 1.0 1.0,11.0,0.22857142857142856,109,0 0 0 0 0 418 -64,0.0 0.0 0.0 0.0 0.0 0.0 0.0,0.0,0.35714285714285715,30,0 0 0 0 0 521 -48,0.0 0.0 0.0 0.0 0.0 0.8442622950819673 1.0,9.442622950819672,0.28809523809523807,59
resolved-p14d-c14d-comp-ps/resolved-c14d-p14d-3600-1st/nsp-n50-d28-r0.10-rp2-fp2-s8,73 225 10353 960 42 7908 12,1.0 1.0 1.0 1.0 1.0 1.0 1.0,1111111.0,0.5542857142857143,286,33 90 9822 394 13 7857 2,0.06976744186046512 0.0 0.4119601328903654 0.12111801242236025 0.06451612903225806 0.0 0.8734177215189873,74015.48623241587,0.8128571428571428,523,30 110 9450 316 11 7879 -67,0.0 0.14814814814814814 0.0 0.0 0.0 0.43137254901960786 0.0,14819.12854030501,0.8128571428571428,519
resolved-p14d-c14d-comp-ps/resolved-c14d-p14d-3600-1st/nsp-n50-d28-r0.10-rp2-fp2-s3,27 9 4348 25382 0 11542 -226,1.0 0.0 1.0 1.0 0.0 1.0 1.0,1011011.0,0.6514285714285715,28,26 11 4187 25369 1 11387 -248,0.0 1.0 0.0 0.7346938775510204 1.0 0.0 0.08333333333333333,100834.77721088435,0.6542857142857142,816,26 11 4245 25333 1 11461 -250,0.0 1.0 0.36024844720496896 0.0 1.0 0.4774193548387097 0.0,103707.25866559808,0.6528571428571428,769
resolved-p14d-c14d-comp-ps/resolved-c14d-p14d-3600-1st/nsp-n10-d28-r0.10-rp0-fp0-s8,2 9 9 26 0 168 -9,0.0 0.0 1.0 1.0 0.0 0.0 0.0,11000.0,0.03571428571428571,2424,10 81 5 21 1 341 -4,1.0 1.0 0.42857142857142855 0.5833333333333334 1.0 0.9402173913043478 1.0,1104979.4497929607,0.7,3447,10 80 2 14 0 352 -6,1.0 0.9861111111111112 0.0 0.0 0.0 1.0 0.6,1098621.711111111,0.6571428571428571,3375
resolved-p14d-c14d-comp-ps/resolved-c14d-p14d-3600-1st/nsp-n30-d28-r0.10-rp2-fp2-s5,23 42 756 1887 8 2210 28,1.0 1.0 0.0 0.0 1.0 0.0 1.0,1100101.0,0.01904761904761905,557,0 0 1368 12192 0 4102 -98,0.0 0.0 1.0 0.9302220617439971 0.0 0.9869587897756912 0.08695652173913043,10940.178606163494,0.6476190476190476,200,0 0 1352 12965 0 4127 -110,0.0 0.0 0.9738562091503268 1.0 0.0 1.0 0.0,10748.562091503269,0.6452380952380953,167
resolved-p14d-c14d-comp-ps/resolved-c14d-p14d-3600-1st/nsp-n30-d28-r0.10-rp2-fp2-s9,19 136 10 147 3 465 -63,0.0 0.0 0.0 1.0 0.0 0.0 0.0,1000.0,0.009523809523809525,775,29 239 40 101 16 957 -31,0.8333333333333334 0.865546218487395 0.23622047244094488 0.41025641025641024 1.0 1.0 1.0,922771.4163167387,0.6476190476190476,1125,31 255 137 69 7 729 -34,1.0 1.0 1.0 0.0 0.3076923076923077 0.5365853658536586 0.90625,1110037.041334428,0.6214285714285714,1240
resolved-p14d-c14d-comp-ps/resolved-c14d-p14d-3600-1st/nsp-n40-d28-r0.10-rp2-fp2-s7,16 6 2601 20947 0 7505 -169,1.0 1.0 1.0 1.0 0.0 1.0 1.0,1111011.0,0.6464285714285715,28,15 2 2428 20288 1 7307 -188,0.0 0.0 0.0 0.0 1.0 0.0 0.0,100.0,0.6410714285714286,897,15 3 2489 20450 0 7374 -173,0.0 0.25 0.35260115606936415 0.24582701062215478 0.0 0.3383838383838384 0.7894736842105263,28776.011883383842,0.6410714285714286,332
resolved-p14d-c14d-comp-ps/resolved-c14d-p14d-3600-1st/nsp-n50-d28-r0.10-rp2-fp2-s4,18 7 4235 26319 0 11478 -196,0.0 0.0 0.0 1.0 0.0 0.16216216216216217 1.0,1002.6216216216217,0.6471428571428571,722,18 7 4292 25902 1 11454 -196,0.0 0.0 0.5 0.0 1.0 0.0 1.0,5101.0,0.6542857142857142,71,18 7 4349 26201 0 11602 -197,0.0 0.0 1.0 0.7170263788968825 0.0 1.0 0.0,10727.026378896882,0.6528571428571428,67
resolved-p14d-c14d-comp-ps/resolved-c14d-p14d-3600-1st/nsp-n30-d28-r0.10-rp2-fp2-s6,42 274 2375 1249 104 2079 36,1.0 1.0 0.06447534766118837 1.0 1.0 1.0 0.0,1101754.7534766118,0.06190476190476191,604,23 210 3115 511 39 1863 63,0.0 0.0 1.0 0.0 0.0 0.0 0.6923076923076923,10000.692307692309,0.7761904761904762,951,25 230 2324 573 51 1865 75,0.10526315789473684 0.3125 0.0 0.08401084010840108 0.18461538461538463 0.009259259259259259 1.0,136616.72286589938,0.7952380952380952,794
resolved-p14d-c14d-comp-ps/resolved-c14d-p14d-3600-1st/nsp-n20-d28-r0.10-rp2-fp2-s0,0 0 0 0 0 85 -48,0.0 0.0 0.0 0.0 0.0 0.0 0.25925925925925924,0.25925925925925924,0.07857142857142857,279,0 0 0 0 0 102 -28,0.0 0.0 0.0 0.0 0.0 0.85 1.0,9.5,0.5642857142857143,101,0 0 0 0 0 105 -55,0.0 0.0 0.0 0.0 0.0 1.0 0.0,10.0,0.07857142857142857,371
resolved-p14d-c14d-comp-ps/resolved-c14d-p14d-3600-1st/nsp-n50-d28-r0.10-rp2-fp2-s6,20 8 4269 25251 0 11375 -225,1.0 0.0 0.0 0.0 0.0 0.0 1.0,1000001.0,0.6385714285714286,117,18 8 4329 25989 0 11499 -246,0.0 0.0 0.821917808219178 1.0 0.0 0.8322147651006712 0.19230769230769232,9227.692537535095,0.6414285714285715,204,19 8 4342 25783 1 11524 -251,0.5 0.0 1.0 0.7208672086720868 1.0 1.0 0.0,510830.8672086721,0.6414285714285715,105
resolved-p14d-c14d-comp-ps/resolved-c14d-p14d-3600-1st/nsp-n40-d28-r0.10-rp2-fp2-s1,17 16 2555 17501 0 7258 -191,1.0 1.0 1.0 0.0 0.0 0.0 1.0,1110001.0,0.6285714285714286,690,16 4 2549 20655 0 7372 -244,0.0 0.0 0.7857142857142857 1.0 0.0 1.0 0.0,8867.142857142857,0.6339285714285714,262,16 4 2527 20540 0 7334 -241,0.0 0.0 0.0 0.9635383639822448 0.0 0.6666666666666666 0.05660377358490566,970.2616344224964,0.6285714285714286,385
resolved-p14d-c14d-comp-ps/resolved-c14d-p14d-3600-1st/nsp-n10-d28-r0.10-rp0-fp0-s3,0 0 0 0 0 96 -27,0.0 0.0 0.0 0.0 0.0 0.0 0.25,0.25,0.07142857142857142,230,0 0 0 0 0 115 -24,0.0 0.0 0.0 0.0 0.0 1.0 1.0,11.0,0.6214285714285714,67,0 0 0 0 0 102 -28,0.0 0.0 0.0 0.0 0.0 0.3157894736842105 0.0,3.1578947368421053,0.07142857142857142,207
resolved-p14d-c14d-comp-ps/resolved-c14d-p14d-3600-1st/nsp-n10-d28-r0.10-rp0-fp0-s5,2 0 6 47 1 153 -30,1.0 0.0 0.0 0.0 0.0 0.0 0.0,1000000.0,0.02142857142857143,2236,0 0 56 336 1 578 11,0.0 0.0 0.7142857142857143 0.3348783314020857 0.0 0.8110687022900763 1.0,7486.846161282129,0.6857142857142857,1966,0 0 76 910 4 677 3,0.0 0.0 1.0 1.0 1.0 1.0 0.8048780487804879,11110.80487804878,0.6142857142857143,1695
resolved-p14d-c14d-comp-ps/resolved-c14d-p14d-3600-1st/nsp-n20-d28-r0.10-rp2-fp2-s9,0 0 0 0 0 93 -32,0.0 0.0 0.0 0.0 0.0 0.0 0.0,0.0,0.07857142857142857,416,0 0 0 0 0 105 -15,0.0 0.0 0.0 0.0 0.0 0.5714285714285714 1.0,6.7142857142857135,0.6178571428571429,42,0 0 0 0 0 114 -17,0.0 0.0 0.0 0.0 0.0 1.0 0.8823529411764706,10.882352941176471,0.07857142857142857,292
resolved-p14d-c14d-comp-ps/resolved-c14d-p14d-3600-1st/nsp-n50-d28-r0.10-rp2-fp2-s7,25 21 4402 25552 0 11615 -261,1.0 1.0 1.0 0.0 0.0 1.0 1.0,1110011.0,0.7314285714285714,553,23 8 4324 26248 1 11506 -278,0.0 0.0 0.4507042253521127 1.0 1.0 0.5458333333333333 0.0,5612.5005868544595,0.7557142857142857,63,23 8 4260 26199 0 11375 -273,0.0 0.0 0.0 0.9295977011494253 0.0 0.0 0.29411764705882354,929.8918187964841,0.75,144
resolved-p14d-c14d-comp-ps/resolved-c14d-p14d-3600-1st/nsp-n30-d28-r0.10-rp2-fp2-s4,12 5 1405 13970 0 4233 -81,1.0 1.0 0.3103448275862069 0.0 0.0 0.0 1.0,1103104.448275862,0.65,202,11 4 1396 14689 2 4337 -108,0.0 0.0 0.0 1.0 1.0 0.574585635359116 0.0,1105.745856353591,0.6523809523809524,1355,11 4 1425 14544 0 4414 -100,0.0 0.0 1.0 0.7983310152990264 0.0 1.0 0.2962962962962963,10808.627311595323,0.6476190476190476,732
resolved-p14d-c14d-comp-ps/resolved-c14d-p14d-3600-1st/nsp-n50-d28-r0.10-rp2-fp2-s1,20 86 3348 12838 1 8603 -108,1.0 1.0 0.0 0.0 1.0 0.0 1.0,1100101.0,0.36428571428571427,403,0 0 4083 23624 0 10952 -211,0.0 0.0 0.9892328398384926 0.9782332668238709 0.0 0.9928148774302621 0.0,10880.4898139831,0.6514285714285715,79,0 0 4091 23864 0 10969 -211,0.0 0.0 1.0 1.0 0.0 1.0 0.0,11010.0,0.66,75
resolved-p14d-c14d-comp-ps/resolved-c14d-p14d-3600-1st/nsp-n20-d28-r0.10-rp2-fp2-s7,0 0 0 0 0 250 -22,0.0 0.0 0.0 0.0 0.0 1.0 1.0,11.0,0.32142857142857145,119,0 0 0 0 0 75 -27,0.0 0.0 0.0 0.0 0.0 0.0 0.8529411764705882,0.8529411764705882,0.6142857142857143,59,0 0 0 0 0 95 -56,0.0 0.0 0.0 0.0 0.0 0.11428571428571428 0.0,1.1428571428571428,0.17142857142857143,249
resolved-p14d-c14d-comp-ps/resolved-c14d-p14d-3600-1st/nsp-n10-d28-r0.10-rp0-fp0-s0,5 23 21 86 2 187 -14,1.0 0.0 1.0 1.0 0.0 0.0 0.4444444444444444,1011000.4444444445,0.02142857142857143,1943,4 72 0 30 4 258 -18,0.0 1.0 0.0 0.18840579710144928 1.0 1.0 0.0,100298.40579710146,0.6428571428571429,3357,4 66 0 17 3 239 -9,0.0 0.8775510204081632 0.0 0.0 0.5 0.7323943661971831 1.0,87813.42598447831,0.5714285714285714,3307
resolved-p14d-c14d-comp-ps/resolved-c14d-p14d-3600-1st/nsp-n40-d28-r0.10-rp2-fp2-s3,29 139 1555 5344 1 4304 -44,1.0 1.0 0.0 0.0 1.0 0.0 1.0,1100101.0,0.17857142857142858,491,0 0 2293 17543 0 6846 -162,0.0 0.0 1.0 1.0 0.0 1.0 0.0,11010.0,0.625,174,0 0 2126 16625 1 6585 -158,0.0 0.0 0.7737127371273713 0.9247479301582097 1.0 0.8973249409913454 0.03389830508474576,8770.88244914692,0.6339285714285714,285
resolved-p14d-c14d-comp-ps/resolved-c14d-p14d-3600-1st/nsp-n30-d28-r0.10-rp2-fp2-s1,22 27 812 2454 6 2396 -61,1.0 1.0 0.0 0.0 1.0 0.0 1.0,1100101.0,0.007142857142857143,629,0 0 1406 13037 1 4261 -115,0.0 0.0 1.0 1.0 0.16666666666666666 1.0 0.0,11026.666666666666,0.6357142857142857,180,0 0 1235 11938 0 3891 -100,0.0 0.0 0.7121212121212122 0.8961542095814041 0.0 0.8016085790884718 0.2777777777777778,8025.660194362188,0.6452380952380953,396
resolved-p14d-c14d-comp-ps/resolved-c14d-p14d-3600-1st/nsp-n20-d28-r0.10-rp2-fp2-s6,7 4 624 9438 0 2160 -74,0.0 1.0 0.0 1.0 0.0 1.0 1.0,101011.0,0.6392857142857142,1321,7 2 627 9096 0 2131 -98,0.0 0.0 0.5 0.0 0.0 0.0 0.0,5000.0,0.6428571428571429,1579,7 2 630 9097 0 2143 -98,0.0 0.0 1.0 0.0029239766081871343 0.0 0.41379310344827586 0.0,10007.061907642668,0.65,1028
resolved-p14d-c14d-comp-ps/resolved-c14d-p14d-3600-1st/nsp-n20-d28-r0.10-rp2-fp2-s8,17 138 209 319 55 956 42,0.0 0.0 0.8951965065502183 1.0 0.9298245614035088 1.0 1.0,10055.947521642534,0.010714285714285714,699,17 168 233 126 59 471 6,0.0 0.7894736842105263 1.0 0.30824372759856633 1.0 0.09683426443202979 0.0,89356.58049129552,0.7714285714285715,1491,17 176 4 40 2 419 16,0.0 1.0 0.0 0.0 0.0 0.0 0.2777777777777778,100000.27777777778,0.6714285714285714,1553
resolved-p14d-c14d-comp-ps/resolved-c14d-p14d-3600-1st/nsp-n10-d28-r0.10-rp0-fp0-s2,0 0 0 0 0 96 -30,0.0 0.0 0.0 0.0 0.0 1.0 0.1,10.1,0.12142857142857143,177,0 0 0 0 0 87 -21,0.0 0.0 0.0 0.0 0.0 0.0 1.0,1.0,0.7,55,0 0 0 0 0 93 -31,0.0 0.0 0.0 0.0 0.0 0.6666666666666666 0.0,6.666666666666666,0.12142857142857143,154
resolved-p14d-c14d-comp-ps/resolved-c14d-p14d-3600-1st/nsp-n50-d28-r0.10-rp2-fp2-s2,28 8 4333 25705 0 11519 -186,1.0 1.0 1.0 1.0 0.0 1.0 1.0,1111011.0,0.7385714285714285,31,27 4 4171 25277 0 11308 -200,0.0 0.0 0.0 0.10272536687631027 0.0 0.0 0.0,102.72536687631028,0.7285714285714285,616,27 5 4200 25228 0 11384 -197,0.0 0.25 0.17901234567901234 0.0 0.0 0.36018957345971564 0.21428571428571427,26793.939638239008,0.7285714285714285,325
resolved-p14d-c14d-comp-ps/resolved-c14d-p14d-3600-1st/nsp-n10-d28-r0.10-rp0-fp0-s7,0 0 0 0 0 90 -14,0.0 0.0 0.0 0.0 0.0 0.0 1.0,1.0,0.2,222,0 0 0 0 0 101 -24,0.0 0.0 0.0 0.0 0.0 1.0 0.0,10.0,0.6714285714285714,92,0 0 0 0 0 101 -21,0.0 0.0 0.0 0.0 0.0 1.0 0.3,10.3,0.2,271
resolved-p14d-c14d-comp-ps/resolved-c14d-p14d-3600-1st/nsp-n20-d28-r0.10-rp2-fp2-s1,23 156 50 288 10 317 -32,1.0 0.0 1.0 1.0 0.1 0.0 0.0,1011010.0,0.014285714285714285,887,22 182 44 144 19 452 6,0.0 1.0 0.8666666666666667 0.34545454545454546 1.0 1.0 1.0,109123.12121212122,0.7964285714285714,1453,22 171 5 68 9 370 1,0.0 0.5769230769230769 0.0 0.0 0.0 0.3925925925925926 0.868421052631579,57697.10203928625,0.6392857142857142,1789
resolved-p14d-c14d-comp-ps/resolved-c14d-p14d-3600-1st/nsp-n10-d28-r0.10-rp0-fp0-s9,0 0 0 0 0 103 -38,0.0 0.0 0.0 0.0 0.0 0.05 0.0,0.5,0.16428571428571428,163,0 0 0 0 0 122 -37,0.0 0.0 0.0 0.0 0.0 1.0 0.09090909090909091,10.090909090909092,0.5571428571428572,114,0 0 0 0 0 102 -27,0.0 0.0 0.0 0.0 0.0 0.0 1.0,1.0,0.16428571428571428,114
resolved-p14d-c14d-comp-ps/resolved-c14d-p14d-3600-1st/nsp-n40-d28-r0.10-rp2-fp2-s4,17 7 2568 20375 0 7404 -207,1.0 0.0 1.0 0.0 0.0 0.06451612903225806 1.0,1010001.6451612903,0.6446428571428572,140,15 7 2555 20496 0 7462 -226,0.0 0.0 0.5185185185185185 0.983739837398374 0.0 1.0 0.0,6178.925022583559,0.6553571428571429,854,16 7 2541 20498 0 7400 -226,0.5 0.0 0.0 1.0 0.0 0.0 0.0,501000.0,0.6464285714285715,441
resolved-p14d-c14d-comp-ps/resolved-c14d-p14d-3600-1st/nsp-n50-d28-r0.10-rp2-fp2-s9,0 0 0 0 0 1322 -143,0.0 0.0 0.0 0.0 0.0 0.8674242424242424 0.0,8.674242424242424,0.43,48,0 0 0 0 0 1093 -107,0.0 0.0 0.0 0.0 0.0 0.0 1.0,1.0,0.5471428571428572,65,0 0 0 0 0 1357 -120,0.0 0.0 0.0 0.0 0.0 1.0 0.6388888888888888,10.63888888888889,0.4257142857142857,60
resolved-p14d-c14d-comp-ps/resolved-c14d-p14d-3600-1st/nsp-n50-d28-r0.10-rp2-fp2-s0,50 381 8216 1273 550 8004 24,1.0 1.0 0.0 1.0 1.0 1.0 0.8352941176470589,1101110.8352941177,0.30857142857142855,261,36 134 9782 323 12 7649 -47,0.06666666666666667 0.0 0.9200940070505288 0.0 0.0 0.2588726513569937 0.0,75870.19546368552,0.7871428571428571,451,35 154 9918 768 218 7525 38,0.0 0.08097165991902834 1.0 0.46842105263157896 0.3828996282527881 0.0 1.0,18604.877007359693,0.7871428571428571,495
resolved-p14d-c14d-comp-ps/resolved-c14d-p14d-3600-1st/nsp-n40-d28-r0.10-rp2-fp2-s8,0 0 0 0 0 815 -84,0.0 0.0 0.0 0.0 0.0 1.0 0.5555555555555556,10.555555555555555,0.39464285714285713,98,0 0 0 0 0 351 -94,0.0 0.0 0.0 0.0 0.0 0.0 0.0,0.0,0.6517857142857143,75,0 0 0 0 0 810 -76,0.0 0.0 0.0 0.0 0.0 0.9892241379310345 1.0,10.892241379310345,0.3482142857142857,150
resolved-p14d-c14d-comp-ps/resolved-c14d-p14d-3600-1st/nsp-n30-d28-r0.10-rp2-fp2-s8,24 32 630 2597 0 1792 -98,1.0 1.0 0.0 0.0 0.0 0.0 1.0,1100001.0,0.009523809523809525,674,0 0 1320 12599 0 4012 -148,0.0 0.0 1.0 1.0 0.0 1.0 0.0,11010.0,0.6428571428571429,249,0 0 1108 11881 0 3670 -123,0.0 0.0 0.6927536231884058 0.9282143571285743 0.0 0.845945945945946 0.5,7864.710048472091,0.6309523809523809,520
resolved-p14d-c14d-comp-ps/resolved-c14d-p14d-3600-1st/nsp-n10-d28-r0.10-rp0-fp0-s1,10 24 30 154 13 254 -21,0.0 0.0 1.0 1.0 1.0 0.0 0.25,11100.25,0.014285714285714285,2016,12 88 0 16 0 304 -22,0.6666666666666666 0.9696969696969697 0.0 0.0 0.0 0.684931506849315 0.0,763643.2129514321,0.7142857142857143,3421,13 90 0 17 0 327 -18,1.0 1.0 0.0 0.007246376811594203 0.0 1.0 1.0,1100018.2463768115,0.7,3250
resolved-p14d-c14d-comp-ps/resolved-c14d-p14d-3600-1st/nsp-n40-d28-r0.10-rp2-fp2-s5,56 564 370 659 84 1540 55,1.0 1.0 1.0 1.0 1.0 1.0 1.0,1111111.0,0.3535714285714286,445,25 365 80 143 20 1099 -52,0.03125 0.0 0.1853932584269663 0.0 0.09859154929577464 0.1863468634686347 0.10084033613445378,33115.75604817006,0.7392857142857143,784,24 377 14 179 13 998 -64,0.0 0.06030150753768844 0.0 0.06976744186046512 0.0 0.0 0.0,6099.918195629309,0.7482142857142857,759
resolved-p14d-c14d-comp-ps/resolved-c14d-p14d-3600-1st/nsp-n10-d28-r0.10-rp0-fp0-s6,1 3 154 4430 0 853 -32,1.0 0.0 1.0 1.0 0.0 1.0 0.0,1011010.0,0.55,3293,0 41 44 179 0 424 -9,0.0 1.0 0.0 0.0 0.0 0.0 0.5609756097560976,100000.56097560975,0.6928571428571428,3011,0 6 83 1065 1 672 9,0.0 0.07894736842105263 0.35454545454545455 0.20842154787108916 1.0 0.578088578088578 1.0,11755.393821211781,0.5571428571428572,3235
resolved-p14d-c14d-comp-ps/resolved-c14d-p14d-3600-1st/nsp-n10-d28-r0.10-rp0-fp0-s4,2 36 26 62 3 239 -17,0.0 0.0 1.0 1.0 0.75 0.0 1.0,11076.0,0.02857142857142857,1824,9 90 3 34 4 302 -22,1.0 1.0 0.0 0.24324324324324326 1.0 0.8513513513513513 0.5454545454545454,1100352.3022113023,0.7642857142857142,3474,8 74 11 25 0 313 -28,0.8571428571428571 0.7037037037037037 0.34782608695652173 0.0 0.0 1.0 0.0,931001.4883827926,0.7357142857142858,3549
resolved-p14d-c14d-comp-ps/resolved-c14d-p14d-3600-1st/nsp-n40-d28-r0.10-rp2-fp2-s0,21 103 1824 8036 0 4749 -88,1.0 1.0 0.0 0.0 0.0 0.0 1.0,1100001.0,0.23035714285714284,457,0 0 2363 18488 0 6904 -147,0.0 0.0 0.8909090909090909 0.9457111834961998 0.0 0.9197609901835254 0.0,9863.999702488944,0.6410714285714286,116,0 0 2429 19088 0 7092 -147,0.0 0.0 1.0 1.0 0.0 1.0 0.0,11010.0,0.6446428571428572,69
resolved-p14d-c14d-comp-ps/resolved-c14d-p14d-3600-1st/nsp-n40-d28-r0.10-rp2-fp2-s9,23 7 2577 20576 0 7453 -199,1.0 0.0 0.0 0.0 0.0 0.0 1.0,1000001.0,0.6375,81,22 7 2588 20823 0 7479 -220,0.0 0.0 1.0 1.0 0.0 0.5 0.0,11005.0,0.6446428571428572,152,22 7 2588 20739 0 7505 -218,0.0 0.0 1.0 0.659919028340081 0.0 1.0 0.09523809523809523,10670.014266435319,0.6446428571428572,163
resolved-p14d-c14d-comp-ps/resolved-c14d-p14d-3600-1st/nsp-n20-d28-r0.10-rp2-fp2-s4,9 3 605 9050 0 2094 -52,1.0 0.0 1.0 1.0 0.0 1.0 0.0,1011010.0,0.6464285714285715,1550,8 3 553 6852 0 1985 -18,0.0 0.0 0.0 0.0 0.0 0.0 1.0,1.0,0.6857142857142857,1003,9 3 590 8391 0 2027 -40,1.0 0.0 0.7115384615384616 0.7001819836214741 0.0 0.3853211009174312 0.35294117647058826,1007819.7727511917,0.65,1475
resolved-p14d-c14d-comp-ps/resolved-c14d-p14d-3600-1st/nsp-n30-d28-r0.10-rp2-fp2-s3,18 7 1467 14782 0 4522 -83,1.0 1.0 1.0 0.0782608695652174 0.0 1.0 1.0,1110089.2608695652,0.7380952380952381,887,17 6 1460 15100 0 4484 -94,0.0 0.0 0.6666666666666666 1.0 0.0 0.5529411764705883 0.35294117647058826,7672.549019607843,0.7428571428571429,294,17 6 1446 14755 0 4437 -100,0.0 0.0 0.0 0.0 0.0 0.0 0.0,0.0,0.7380952380952381,513
resolved-p14d-c14d-comp-ps/resolved-c14d-p14d-3600-1st/nsp-n40-d28-r0.10-rp2-fp2-s2,56 295 5962 1018 60 4324 40,1.0 1.0 1.0 1.0 1.0 1.0 1.0,1111111.0,0.46785714285714286,371,34 203 5214 522 50 4068 23,0.08333333333333333 0.0 0.0 0.0 0.09090909090909091 0.0 0.0,83342.42424242424,0.8017857142857143,651,32 211 5354 618 49 4295 30,0.0 0.08695652173913043 0.18716577540106952 0.1935483870967742 0.0 0.88671875 0.4117647058823529,10770.137267226397,0.8017857142857143,585
resolved-p14d-c14d-comp-ps/resolved-c14d-p14d-3600-1st/nsp-n30-d28-r0.10-rp2-fp2-s7,0 0 0 0 0 373 -55,0.0 0.0 0.0 0.0 0.0 0.0 0.5714285714285714,0.5714285714285714,0.319047619047619,61,0 0 0 0 0 467 -46,0.0 0.0 0.0 0.0 0.0 1.0 1.0,11.0,0.3880952380952381,25,0 0 0 0 0 425 -67,0.0 0.0 0.0 0.0 0.0 0.5531914893617021 0.0,5.531914893617022,0.30238095238095236,78
resolved-p14d-c14d-comp-ps/resolved-c14d-p14d-3600-1st/nsp-n40-d28-r0.10-rp2-fp2-s6,18 7 2601 20337 0 7505 -172,1.0 1.0 1.0 1.0 0.0 1.0 1.0,1111011.0,0.6553571428571429,34,17 3 2427 19736 0 7206 -189,0.0 0.0 0.0 0.3446019629225736 0.0 0.0 0.0,344.6019629225736,0.6446428571428572,896,17 3 2463 19420 0 7319 -178,0.0 0.0 0.20689655172413793 0.0 0.0 0.3779264214046823 0.6470588235294118,2073.391840278955,0.6464285714285715,500
resolved-p14d-c14d-comp-ps/resolved-c14d-p14d-3600-1st/nsp-n50-d28-r0.10-rp2-fp2-s5,33 106 3093 12482 0 8455 -58,1.0 1.0 0.0 0.0 0.0 0.0 1.0,1100001.0,0.3585714285714286,387,0 0 4008 22453 0 10867 -194,0.0 0.0 1.0 0.9834303185718513 0.0 1.0 0.05555555555555555,10993.485874127406,0.6385714285714286,154,0 0 4001 22621 0 10855 -202,0.0 0.0 0.9923497267759562 1.0 0.0 0.9950248756218906 0.0,10933.44751651578,0.6385714285714286,128
resolved-p14d-c14d-comp-ps/resolved-c14d-p14d-3600-1st/nsp-n20-d28-r0.10-rp2-fp2-s2,12 6 254 1433 0 816 -45,1.0 1.0 0.0 0.0 0.0 0.0 0.0,1100000.0,0.010714285714285714,953,0 0 633 7481 0 2124 -38,0.0 0.0 1.0 0.9441148922884796 0.0 0.9879154078549849 1.0,10954.99404636703,0.6357142857142857,476,0 0 626 7839 0 2140 -41,0.0 0.0 0.9815303430079155 1.0 0.0 1.0 0.5714285714285714,10825.874858650584,0.6107142857142858,373
resolved-p14d-c14d-comp-ps/resolved-c14d-p14d-3600-1st/nsp-n20-d28-r0.10-rp2-fp2-s3,0 0 0 0 0 184 -28,0.0 0.0 0.0 0.0 0.0 0.39416058394160586 0.4411764705882353,4.382782310004294,0.075,316,0 0 0 0 0 130 -43,0.0 0.0 0.0 0.0 0.0 0.0 0.0,0.0,0.5857142857142857,51,0 0 0 0 0 267 -9,0.0 0.0 0.0 0.0 0.0 1.0 1.0,11.0,0.3107142857142857,136
resolved-p14d-c14d-comp-ps/resolved-c14d-p14d-3600-1st/nsp-n20-d28-r0.10-rp2-fp2-s5,9 11 596 7448 0 2032 -14,0.5 1.0 0.44660194174757284 0.46838111298482293 0.0 0.25609756097560976 0.36,604937.3215060703,0.6357142857142857,1209,7 5 550 6337 0 1969 18,0.0 0.14285714285714285 0.0 0.0 0.0 0.0 1.0,14286.714285714284,0.6678571428571428,1353,11 4 653 8709 0 2215 -32,1.0 0.0 1.0 1.0 0.0 1.0 0.0,1011010.0,0.6392857142857142,1048
resolved-p14d-c14d-comp-ps/resolved-c14d-p14d-3600-1st/nsp-n30-d28-r0.10-rp2-fp2-s0,9 5 1435 14107 0 4391 -95,1.0 0.0 1.0 0.0 0.0 0.8412698412698413 1.0,1010009.4126984127,0.638095238095238,252,7 13 1373 14471 1 4285 -118,0.0 1.0 0.0 0.3629112662013958 1.0 0.0 0.17857142857142858,100463.08983762996,0.6404761904761904,1247,7 12 1431 15110 0 4411 -123,0.0 0.875 0.9354838709677419 1.0 0.0 1.0 0.0,97864.83870967742,0.6428571428571429,1293
resolved-p14d-c14d-comp-ps/resolved-c14d-p14d-3600-2nd/nsp-n30-d28-r0.10-rp2-fp2-s2,0 0 0 0 0 543 -53,0.0 0.0 0.0 0.0 0.0 1.0 0.6875,10.6875,0.2571428571428571,90,0 0 0 0 0 418 -64,0.0 0.0 0.0 0.0 0.0 0.0 0.0,0.0,0.35714285714285715,30,0 0 0 0 0 521 -48,0.0 0.0 0.0 0.0 0.0 0.824 1.0,9.24,0.28809523809523807,59
resolved-p14d-c14d-comp-ps/resolved-c14d-p14d-3600-2nd/nsp-n50-d28-r0.10-rp2-fp2-s8,74 214 10534 921 40 7902 -4,1.0 1.0 1.0 1.0 1.0 1.0 0.9193548387096774,1111110.9193548388,0.5785714285714286,252,33 90 9822 391 13 7857 1,0.06818181818181818 0.0 0.4844315713251267 0.11222780569514237 0.03571428571428571 0.0 1.0,73142.93312933603,0.8128571428571428,528,30 109 9153 324 12 7880 -61,0.0 0.1532258064516129 0.0 0.0 0.0 0.5111111111111111 0.0,15327.691756272401,0.8128571428571428,554
resolved-p14d-c14d-comp-ps/resolved-c14d-p14d-3600-2nd/nsp-n50-d28-r0.10-rp2-fp2-s3,27 9 4348 25382 0 11542 -226,1.0 0.0 1.0 0.28620689655172415 0.0 1.0 1.0,1010297.2068965518,0.6514285714285715,28,26 11 4229 25589 1 11433 -247,0.0 1.0 0.0 1.0 1.0 0.0 0.125,101100.125,0.6542857142857142,732,26 11 4244 25299 1 11454 -250,0.0 1.0 0.12605042016806722 0.0 1.0 0.1926605504587156 0.0,101362.43080718526,0.6514285714285715,788
resolved-p14d-c14d-comp-ps/resolved-c14d-p14d-3600-2nd/nsp-n10-d28-r0.10-rp0-fp0-s8,2 14 10 25 0 167 -10,0.0 0.0 1.0 1.0 0.0 0.0 0.0,11000.0,0.03571428571428571,2397,10 81 5 21 1 348 -2,1.0 1.0 0.375 0.6363636363636364 1.0 0.9627659574468085 1.0,1104496.991295938,0.7,3371,10 80 2 14 0 355 -5,1.0 0.9850746268656716 0.0 0.0 0.0 1.0 0.625,1098518.087686567,0.6571428571428571,3359
resolved-p14d-c14d-comp-ps/resolved-c14d-p14d-3600-2nd/nsp-n30-d28-r0.10-rp2-fp2-s5,23 43 756 1914 8 2207 26,1.0 1.0 0.0 0.0 1.0 0.0 1.0,1100101.0,0.01904761904761905,552,0 0 1368 12192 0 4106 -95,0.0 0.0 1.0 0.9346185323269983 0.0 1.0 0.12318840579710146,10944.741720732796,0.6404761904761904,190,0 0 1346 12911 0 4100 -112,0.0 0.0 0.9640522875816994 1.0 0.0 0.9968404423380727 0.0,10650.491280240374,0.6476190476190476,190
resolved-p14d-c14d-comp-ps/resolved-c14d-p14d-3600-2nd/nsp-n30-d28-r0.10-rp2-fp2-s9,19 136 10 147 3 445 -65,0.0 0.0 0.0 1.0 0.0 0.0 0.0,1000.0,0.009523809523809525,780,28 239 78 104 17 960 -27,0.75 0.865546218487395 0.5354330708661418 0.44155844155844154 1.0 1.0 1.0,842461.5109989593,0.6476190476190476,1149,31 255 137 70 12 735 -34,1.0 1.0 1.0 0.0 0.6428571428571429 0.5631067961165048 0.8157894736842105,1110070.7325717206,0.6214285714285714,1176
resolved-p14d-c14d-comp-ps/resolved-c14d-p14d-3600-2nd/nsp-n40-d28-r0.10-rp2-fp2-s7,16 6 2601 20947 0 7505 -169,1.0 1.0 1.0 1.0 0.0 1.0 1.0,1111011.0,0.6464285714285715,28,15 2 2435 20454 0 7307 -189,0.0 0.0 0.0 0.008048289738430584 0.0 0.0 0.0,8.048289738430585,0.6428571428571429,862,15 3 2489 20450 0 7374 -173,0.0 0.25 0.3253012048192771 0.0 0.0 0.3383838383838384 0.8,28257.195886576606,0.6410714285714286,332
resolved-p14d-c14d-comp-ps/resolved-c14d-p14d-3600-2nd/nsp-n50-d28-r0.10-rp2-fp2-s4,18 7 4220 26283 0 11438 -192,0.0 0.0 0.0 1.0 0.0 0.0 1.0,1001.0,0.6471428571428571,779,18 7 4292 25902 1 11454 -196,0.0 0.0 0.5581395348837209 0.0 1.0 0.0975609756097561 0.0,5682.370958593307,0.6542857142857142,71,18 7 4349 26201 0 11602 -196,0.0 0.0 1.0 0.7847769028871391 0.0 1.0 0.0,10794.776902887139,0.6528571428571428,66
resolved-p14d-c14d-comp-ps/resolved-c14d-p14d-3600-2nd/nsp-n30-d28-r0.10-rp2-fp2-s6,37 271 2204 1234 106 2012 37,1.0 1.0 0.0 1.0 1.0 1.0 0.0,1101110.0,0.023809523809523808,637,25 172 3133 410 25 1947 40,0.0 0.0 1.0 0.0 0.0 0.4491525423728814 0.07894736842105263,10004.570472792151,0.7761904761904762,847,25 229 2303 618 48 1894 75,0.0 0.5757575757575758 0.10656620021528525 0.2524271844660194 0.2839506172839506 0.0 1.0,58923.24182410484,0.7952380952380952,823
resolved-p14d-c14d-comp-ps/resolved-c14d-p14d-3600-2nd/nsp-n20-d28-r0.10-rp2-fp2-s0,0 0 0 0 0 91 -52,0.0 0.0 0.0 0.0 0.0 0.0 0.0,0.0,0.07857142857142857,260,0 0 0 0 0 102 -28,0.0 0.0 0.0 0.0 0.0 0.7857142857142857 1.0,8.857142857142858,0.5642857142857143,101,0 0 0 0 0 105 -46,0.0 0.0 0.0 0.0 0.0 1.0 0.25,10.25,0.07857142857142857,364
resolved-p14d-c14d-comp-ps/resolved-c14d-p14d-3600-2nd/nsp-n50-d28-r0.10-rp2-fp2-s6,20 8 4269 25251 0 11375 -225,1.0 0.0 0.0 0.0 0.0 0.0 1.0,1000001.0,0.6385714285714286,117,18 8 4330 25649 0 11494 -243,0.0 0.0 0.8356164383561644 0.7481203007518797 0.0 0.7986577181208053 0.3076923076923077,9112.578953802422,0.6414285714285715,199,19 8 4342 25783 1 11524 -251,0.5 0.0 1.0 1.0 1.0 1.0 0.0,511110.0,0.6414285714285715,105
resolved-p14d-c14d-comp-ps/resolved-c14d-p14d-3600-2nd/nsp-n40-d28-r0.10-rp2-fp2-s1,17 21 2560 17365 0 7251 -186,1.0 1.0 1.0 0.0 0.0 0.0 1.0,1110001.0,0.6267857142857143,718,16 4 2549 20655 0 7372 -244,0.0 0.0 0.6666666666666666 1.0 0.0 1.0 0.0,7676.666666666666,0.6339285714285714,262,16 4 2527 20540 0 7334 -241,0.0 0.0 0.0 0.9650455927051672 0.0 0.6859504132231405 0.05172413793103448,971.9568209753297,0.6285714285714286,385
resolved-p14d-c14d-comp-ps/resolved-c14d-p14d-3600-2nd/nsp-n10-d28-r0.10-rp0-fp0-s3,0 0 0 0 0 96 -27,0.0 0.0 0.0 0.0 0.0 0.0 0.13333333333333333,0.13333333333333333,0.07142857142857142,230,0 0 0 0 0 115 -14,0.0 0.0 0.0 0.0 0.0 1.0 1.0,11.0,0.6428571428571429,64,0 0 0 0 0 102 -29,0.0 0.0 0.0 0.0 0.0 0.3157894736842105 0.0,3.1578947368421053,0.07142857142857142,208
resolved-p14d-c14d-comp-ps/resolved-c14d-p14d-3600-2nd/nsp-n10-d28-r0.10-rp0-fp0-s5,2 0 6 47 1 151 -22,1.0 0.0 0.0 0.0 0.0 0.0 0.0,1000000.0,0.02142857142857143,2240,0 0 58 336 1 579 8,0.0 0.0 0.7428571428571429 0.34 0.0 0.8152380952380952 1.0,7777.723809523809,0.6857142857142857,1920,0 0 76 897 2 676 0,0.0 0.0 1.0 1.0 1.0 1.0 0.7333333333333333,11110.733333333334,0.6142857142857143,1753
resolved-p14d-c14d-comp-ps/resolved-c14d-p14d-3600-2nd/nsp-n20-d28-r0.10-rp2-fp2-s9,0 0 0 0 0 87 -8,0.0 0.0 0.0 0.0 0.0 0.0 1.0,1.0,0.07857142857142857,425,0 0 0 0 0 105 -15,0.0 0.0 0.0 0.0 0.0 1.0 0.4166666666666667,10.416666666666666,0.6178571428571429,42,0 0 0 0 0 96 -20,0.0 0.0 0.0 0.0 0.0 0.5 0.0,5.0,0.07857142857142857,316
resolved-p14d-c14d-comp-ps/resolved-c14d-p14d-3600-2nd/nsp-n50-d28-r0.10-rp2-fp2-s7,25 21 4409 25463 0 11616 -262,1.0 1.0 1.0 0.0 0.0 1.0 1.0,1110011.0,0.7314285714285714,541,23 8 4324 26248 1 11506 -278,0.0 0.0 0.42953020134228187 1.0 1.0 0.5435684647302904 0.0,5400.737698070122,0.7557142857142857,63,23 8 4260 26200 0 11375 -274,0.0 0.0 0.0 0.9388535031847134 0.0 0.0 0.25,939.1035031847134,0.75,143
resolved-p14d-c14d-comp-ps/resolved-c14d-p14d-3600-2nd/nsp-n30-d28-r0.10-rp2-fp2-s4,12 5 1403 14236 0 4248 -85,1.0 1.0 0.10344827586206896 0.0 0.0 0.0 1.0,1101035.4827586208,0.65,205,11 4 1400 14696 2 4341 -108,0.0 0.0 0.0 1.0 1.0 0.6158940397350994 0.08,1106.238940397351,0.6452380952380953,1147,11 4 1429 14538 0 4399 -110,0.0 0.0 1.0 0.6565217391304348 0.0 1.0 0.0,10666.521739130434,0.638095238095238,705
resolved-p14d-c14d-comp-ps/resolved-c14d-p14d-3600-2nd/nsp-n50-d28-r0.10-rp2-fp2-s1,20 85 3353 12890 1 8620 -109,1.0 1.0 0.0 0.0 1.0 0.0 1.0,1100101.0,0.3657142857142857,401,0 0 4083 23624 0 10952 -211,0.0 0.0 0.989159891598916 0.9818880351262349 0.0 0.9927628778203491 0.0,10883.414579893597,0.6514285714285715,79,0 0 4091 23822 0 10969 -207,0.0 0.0 1.0 1.0 0.0 1.0 0.0392156862745098,11010.039215686274,0.66,79
resolved-p14d-c14d-comp-ps/resolved-c14d-p14d-3600-2nd/nsp-n20-d28-r0.10-rp2-fp2-s7,0 0 0 0 0 248 -22,0.0 0.0 0.0 0.0 0.0 1.0 1.0,11.0,0.325,117,0 0 0 0 0 75 -27,0.0 0.0 0.0 0.0 0.0 0.0 0.8529411764705882,0.8529411764705882,0.6142857142857143,59,0 0 0 0 0 95 -56,0.0 0.0 0.0 0.0 0.0 0.11560693641618497 0.0,1.1560693641618496,0.17142857142857143,249
resolved-p14d-c14d-comp-ps/resolved-c14d-p14d-3600-2nd/nsp-n10-d28-r0.10-rp0-fp0-s0,5 22 18 85 2 186 -14,1.0 0.0 1.0 1.0 0.0 0.0 0.4444444444444444,1011000.4444444445,0.02142857142857143,1962,4 72 0 27 3 250 -18,0.0 1.0 0.0 0.14705882352941177 1.0 1.0 0.0,100257.05882352941,0.6428571428571429,3402,4 66 0 17 3 237 -9,0.0 0.88 0.0 0.0 1.0 0.796875 1.0,88108.96875,0.5714285714285714,3312
resolved-p14d-c14d-comp-ps/resolved-c14d-p14d-3600-2nd/nsp-n40-d28-r0.10-rp2-fp2-s3,29 134 1594 5567 1 4400 -44,1.0 1.0 0.0 0.0 1.0 0.0 1.0,1100101.0,0.18928571428571428,478,0 0 2293 17543 0 6846 -162,0.0 0.0 1.0 1.0 0.0 1.0 0.0,11010.0,0.625,174,0 0 2119 16625 1 6584 -158,0.0 0.0 0.7510729613733905 0.9233466933867736 1.0 0.892886345053148 0.03389830508474576,8543.039068876295,0.6339285714285714,286
resolved-p14d-c14d-comp-ps/resolved-c14d-p14d-3600-2nd/nsp-n30-d28-r0.10-rp2-fp2-s1,22 26 803 2507 6 2424 -58,1.0 1.0 0.0 0.0 1.0 0.0 1.0,1100101.0,0.007142857142857143,677,0 0 1406 13037 1 4261 -115,0.0 0.0 1.0 1.0 0.16666666666666666 1.0 0.0,11026.666666666666,0.6357142857142857,180,0 0 1235 11450 0 3904 -95,0.0 0.0 0.7164179104477612 0.8492877492877493 0.0 0.8056614044637996 0.3508771929824561,8021.874345002982,0.6452380952380953,457
resolved-p14d-c14d-comp-ps/resolved-c14d-p14d-3600-2nd/nsp-n20-d28-r0.10-rp2-fp2-s6,7 4 623 9472 0 2160 -72,0.0 1.0 0.0 1.0 0.0 1.0 1.0,101011.0,0.6392857142857142,1329,7 2 627 9096 0 2131 -98,0.0 0.0 0.6666666666666666 0.0 0.0 0.0 0.0,6666.666666666666,0.6428571428571429,1579,7 2 629 9207 0 2149 -83,0.0 0.0 1.0 0.29521276595744683 0.0 0.6206896551724138 0.5769230769230769,10301.996585586096,0.65,1038
resolved-p14d-c14d-comp-ps/resolved-c14d-p14d-3600-2nd/nsp-n20-d28-r0.10-rp2-fp2-s8,17 141 202 338 50 951 45,0.0 0.0 0.8678414096916299 1.0 0.8421052631578947 1.0 1.0,9773.62462323209,0.010714285714285714,631,17 168 232 126 59 476 6,0.0 0.7714285714285715 1.0 0.2664359861591695 1.0 0.10881801125703565 0.0,87510.38130912888,0.7714285714285715,1583,17 176 5 49 2 418 18,0.0 1.0 0.0 0.0 0.0 0.0 0.3076923076923077,100000.30769230769,0.6714285714285714,1511
resolved-p14d-c14d-comp-ps/resolved-c14d-p14d-3600-2nd/nsp-n10-d28-r0.10-rp0-fp0-s2,0 0 0 0 0 98 -30,0.0 0.0 0.0 0.0 0.0 1.0 0.1,10.1,0.12142857142857143,174,0 0 0 0 0 87 -21,0.0 0.0 0.0 0.0 0.0 0.0 1.0,1.0,0.7,55,0 0 0 0 0 93 -31,0.0 0.0 0.0 0.0 0.0 0.5454545454545454 0.0,5.454545454545454,0.12142857142857143,154
resolved-p14d-c14d-comp-ps/resolved-c14d-p14d-3600-2nd/nsp-n50-d28-r0.10-rp2-fp2-s2,28 8 4333 25705 0 11519 -186,1.0 1.0 1.0 1.0 0.0 1.0 1.0,1111011.0,0.7385714285714285,31,27 4 4191 25152 0 11349 -206,0.0 0.0 0.0 0.0 0.0 0.0 0.0,0.0,0.7271428571428571,599,27 5 4200 25228 0 11384 -197,0.0 0.25 0.06338028169014084 0.13743218806509946 0.0 0.20588235294117646 0.45,25773.74382849592,0.73,323
resolved-p14d-c14d-comp-ps/resolved-c14d-p14d-3600-2nd/nsp-n10-d28-r0.10-rp0-fp0-s7,0 0 0 0 0 90 -17,0.0 0.0 0.0 0.0 0.0 0.0 1.0,1.0,0.2,225,0 0 0 0 0 101 -24,0.0 0.0 0.0 0.0 0.0 1.0 0.0,10.0,0.6714285714285714,92,0 0 0 0 0 101 -19,0.0 0.0 0.0 0.0 0.0 1.0 0.7142857142857143,10.714285714285714,0.2,269
resolved-p14d-c14d-comp-ps/resolved-c14d-p14d-3600-2nd/nsp-n20-d28-r0.10-rp2-fp2-s1,23 156 49 288 10 305 -33,1.0 0.0 0.8823529411764706 1.0 0.125 0.0 0.0,1009836.0294117647,0.014285714285714285,909,22 182 55 117 17 444 -2,0.0 1.0 1.0 0.23318385650224216 1.0 1.0 1.0,110344.18385650225,0.7964285714285714,1193,22 172 4 65 9 378 -4,0.0 0.6153846153846154 0.0 0.0 0.0 0.5251798561151079 0.9354838709677419,61544.64882089366,0.6392857142857142,1713
resolved-p14d-c14d-comp-ps/resolved-c14d-p14d-3600-2nd/nsp-n10-d28-r0.10-rp0-fp0-s9,0 0 0 0 0 103 -37,0.0 0.0 0.0 0.0 0.0 0.02702702702702703 0.09090909090909091,0.3611793611793612,0.16428571428571428,162,0 0 0 0 0 139 -38,0.0 0.0 0.0 0.0 0.0 1.0 0.0,10.0,0.5285714285714286,105,0 0 0 0 0 102 -27,0.0 0.0 0.0 0.0 0.0 0.0 1.0,1.0,0.16428571428571428,114
resolved-p14d-c14d-comp-ps/resolved-c14d-p14d-3600-2nd/nsp-n40-d28-r0.10-rp2-fp2-s4,17 7 2568 20400 0 7404 -208,1.0 0.0 1.0 0.0 0.0 0.04938271604938271 1.0,1010001.4938271604,0.6446428571428572,139,15 7 2560 20729 0 7481 -225,0.0 0.0 0.7037037037037037 1.0 0.0 1.0 0.05555555555555555,8047.092592592593,0.6535714285714286,797,16 7 2541 20498 0 7400 -226,0.5 0.0 0.0 0.2978723404255319 0.0 0.0 0.0,500297.87234042556,0.6464285714285715,441
resolved-p14d-c14d-comp-ps/resolved-c14d-p14d-3600-2nd/nsp-n50-d28-r0.10-rp2-fp2-s9,0 0 0 0 0 1322 -143,0.0 0.0 0.0 0.0 0.0 0.8674242424242424 0.0,8.674242424242424,0.43,48,0 0 0 0 0 1093 -107,0.0 0.0 0.0 0.0 0.0 0.0 1.0,1.0,0.5471428571428572,65,0 0 0 0 0 1357 -120,0.0 0.0 0.0 0.0 0.0 1.0 0.6388888888888888,10.63888888888889,0.4257142857142857,60
resolved-p14d-c14d-comp-ps/resolved-c14d-p14d-3600-2nd/nsp-n50-d28-r0.10-rp2-fp2-s0,50 347 8894 1106 570 8434 15,1.0 1.0 0.0 1.0 1.0 1.0 0.782051282051282,1101110.782051282,0.37142857142857144,172,36 134 9789 324 12 7649 -46,0.06666666666666667 0.0 0.7948490230905861 0.0 0.0 0.26976744186046514 0.0,74617.85457199115,0.7871428571428571,447,35 155 10020 710 209 7359 32,0.0 0.09859154929577464 1.0 0.4936061381074169 0.35304659498207885 0.0 1.0,20389.06572718309,0.7871428571428571,473
resolved-p14d-c14d-comp-ps/resolved-c14d-p14d-3600-2nd/nsp-n40-d28-r0.10-rp2-fp2-s8,0 0 0 0 0 815 -84,0.0 0.0 0.0 0.0 0.0 1.0 0.47619047619047616,10.476190476190476,0.39464285714285713,98,0 0 0 0 0 351 -94,0.0 0.0 0.0 0.0 0.0 0.0 0.0,0.0,0.6517857142857143,75,0 0 0 0 0 810 -73,0.0 0.0 0.0 0.0 0.0 0.9892241379310345 1.0,10.892241379310345,0.3464285714285714,152
resolved-p14d-c14d-comp-ps/resolved-c14d-p14d-3600-2nd/nsp-n30-d28-r0.10-rp2-fp2-s8,24 32 630 2571 0 1793 -97,1.0 1.0 0.0 0.0 0.0 0.0 1.0,1100001.0,0.009523809523809525,677,0 0 1294 12598 0 3970 -148,0.0 0.0 1.0 1.0 0.0 1.0 0.0,11010.0,0.6404761904761904,306,0 0 1108 12302 0 3657 -130,0.0 0.0 0.7198795180722891 0.9704797047970479 0.0 0.8562241616903996 0.35294117647058826,8178.1900683133135,0.6309523809523809,490
resolved-p14d-c14d-comp-ps/resolved-c14d-p14d-3600-2nd/nsp-n10-d28-r0.10-rp0-fp0-s1,10 24 30 153 13 254 -21,0.0 0.0 1.0 1.0 1.0 0.0 0.0,11100.0,0.014285714285714285,2019,12 88 0 16 0 287 -21,0.6666666666666666 0.9696969696969697 0.0 0.0 0.0 0.4024390243902439 0.0,763640.3880266076,0.6785714285714286,3565,13 90 0 17 0 336 -19,1.0 1.0 0.0 0.0072992700729927005 0.0 1.0 1.0,1100018.299270073,0.6285714285714286,3373
resolved-p14d-c14d-comp-ps/resolved-c14d-p14d-3600-2nd/nsp-n40-d28-r0.10-rp2-fp2-s5,55 549 334 541 84 1507 44,1.0 1.0 1.0 1.0 1.0 1.0 1.0,1111111.0,0.3821428571428571,413,25 366 80 144 20 1103 -50,0.03225806451612903 0.0 0.22560975609756098 0.0 0.09859154929577464 0.206286836935167 0.14545454545454545,34526.22955494902,0.7392857142857143,751,24 377 6 172 13 998 -66,0.0 0.060109289617486336 0.0 0.07052896725440806 0.0 0.0 0.0,6081.4579290030415,0.7482142857142857,795
resolved-p14d-c14d-comp-ps/resolved-c14d-p14d-3600-2nd/nsp-n10-d28-r0.10-rp0-fp0-s6,1 4 133 3956 0 835 -34,1.0 0.4 1.0 1.0 0.0 1.0 0.0,1051010.0,0.5571428571428572,3179,1 2 90 1839 0 742 4,1.0 0.0 0.0851063829787234 0.2682336674732112 0.0 0.42592592592592593 0.926829268292683,1001124.4835857879,0.6142857142857143,2299,0 7 86 1063 1 673 7,0.0 1.0 0.0 0.0 1.0 0.0 1.0,100101.0,0.5571428571428572,3149
resolved-p14d-c14d-comp-ps/resolved-c14d-p14d-3600-2nd/nsp-n10-d28-r0.10-rp0-fp0-s4,2 23 25 88 6 274 -18,0.0 0.0 1.0 1.0 1.0 0.0 0.5555555555555556,11100.555555555555,0.02857142857142857,2254,9 90 3 39 4 309 -14,1.0 1.0 0.0 0.2222222222222222 0.6666666666666666 0.7291666666666666 1.0,1100297.1805555557,0.7642857142857142,3345,8 74 11 25 0 322 -23,0.8571428571428571 0.7611940298507462 0.36363636363636365 0.0 0.0 1.0 0.0,936908.6237642954,0.7357142857142858,3525
resolved-p14d-c14d-comp-ps/resolved-c14d-p14d-3600-2nd/nsp-n40-d28-r0.10-rp2-fp2-s0,21 101 1832 8100 0 4773 -90,1.0 1.0 0.0 0.0 0.0 0.0 1.0,1100001.0,0.23392857142857143,453,0 0 2363 18488 0 6904 -147,0.0 0.0 0.8894472361809045 0.9453949763378231 0.0 0.9189305735230703 0.0,9849.056643882097,0.6410714285714286,116,0 0 2429 19088 0 7092 -147,0.0 0.0 1.0 1.0 0.0 1.0 0.0,11010.0,0.6446428571428572,69
resolved-p14d-c14d-comp-ps/resolved-c14d-p14d-3600-2nd/nsp-n40-d28-r0.10-rp2-fp2-s9,23 7 2577 20576 0 7453 -199,1.0 0.0 0.0 0.0 0.0 0.0 1.0,1000001.0,0.6375,81,22 7 2584 21015 0 7502 -220,0.0 0.0 0.6363636363636364 1.0 0.0 0.9423076923076923 0.0,7373.059440559441,0.6410714285714286,195,22 7 2588 20739 0 7505 -218,0.0 0.0 1.0 0.3712984054669704 0.0 1.0 0.09523809523809523,10381.393643562209,0.6446428571428572,163
resolved-p14d-c14d-comp-ps/resolved-c14d-p14d-3600-2nd/nsp-n20-d28-r0.10-rp2-fp2-s4,9 3 603 8901 0 2079 -54,1.0 0.0 1.0 1.0 0.0 1.0 0.0,1011010.0,0.6464285714285715,1652,8 3 553 6868 0 1986 -20,0.0 0.0 0.0 0.0 0.0 0.0 1.0,1.0,0.6785714285714286,982,9 3 589 8227 0 2030 -43,1.0 0.0 0.72 0.6684702410231186 0.0 0.4731182795698925 0.3235294117647059,1007873.5249532306,0.6428571428571429,1604
resolved-p14d-c14d-comp-ps/resolved-c14d-p14d-3600-2nd/nsp-n30-d28-r0.10-rp2-fp2-s3,18 7 1467 14782 0 4522 -83,1.0 1.0 1.0 0.20698254364089774 0.0 1.0 1.0,1110217.982543641,0.7380952380952381,887,17 6 1460 15100 0 4484 -95,0.0 0.5 0.7407407407407407 1.0 0.0 0.6274509803921569 0.25,58413.93191721133,0.7428571428571429,295,17 5 1440 14699 0 4420 -99,0.0 0.0 0.0 0.0 0.0 0.0 0.0,0.0,0.7404761904761905,576
resolved-p14d-c14d-comp-ps/resolved-c14d-p14d-3600-2nd/nsp-n40-d28-r0.10-rp2-fp2-s2,56 304 5939 1094 67 4333 42,1.0 1.0 1.0 1.0 1.0 1.0 1.0,1111111.0,0.44285714285714284,398,36 175 5385 404 34 4029 6,0.16666666666666666 0.0 0.04647160068846816 0.0 0.0 0.0 0.0,167131.38267355133,0.8017857142857143,562,32 206 5358 634 52 4308 33,0.0 0.24031007751937986 0.0 0.3333333333333333 0.5454545454545454 0.9177631578947368 0.75,24428.81417139572,0.8017857142857143,607
resolved-p14d-c14d-comp-ps/resolved-c14d-p14d-3600-2nd/nsp-n30-d28-r0.10-rp2-fp2-s7,0 0 0 0 0 482 -49,0.0 0.0 0.0 0.0 0.0 1.0 0.6923076923076923,10.692307692307692,0.35,31,0 0 0 0 0 466 -41,0.0 0.0 0.0 0.0 0.0 0.7192982456140351 1.0,8.192982456140351,0.3880952380952381,28,0 0 0 0 0 425 -67,0.0 0.0 0.0 0.0 0.0 0.0 0.0,0.0,0.30238095238095236,78
resolved-p14d-c14d-comp-ps/resolved-c14d-p14d-3600-2nd/nsp-n40-d28-r0.10-rp2-fp2-s6,18 7 2601 20337 0 7505 -172,1.0 1.0 1.0 1.0 0.0 1.0 1.0,1111011.0,0.6553571428571429,34,17 3 2421 19795 0 7194 -188,0.0 0.0 0.0 0.4089422028353326 0.0 0.0 0.0,408.94220283533264,0.6446428571428572,966,17 3 2463 19420 0 7319 -178,0.0 0.0 0.23333333333333334 0.0 0.0 0.40192926045016075 0.625,2337.977625937835,0.6464285714285715,500
resolved-p14d-c14d-comp-ps/resolved-c14d-p14d-3600-2nd/nsp-n50-d28-r0.10-rp2-fp2-s5,32 88 3179 13291 1 8756 -79,1.0 1.0 0.0 0.0 1.0 0.0 1.0,1100101.0,0.38142857142857145,357,0 0 4008 22515 0 10867 -195,0.0 0.0 1.0 0.9886387995712754 0.0 1.0 0.056910569105691054,10998.695710140382,0.64,151,0 0 4001 22621 0 10855 -202,0.0 0.0 0.991556091676719 1.0 0.0 0.9943154902889626 0.0,10925.50407167008,0.6385714285714286,128
resolved-p14d-c14d-comp-ps/resolved-c14d-p14d-3600-2nd/nsp-n20-d28-r0.10-rp2-fp2-s2,12 6 234 1319 0 767 -40,1.0 1.0 0.0 0.0 0.0 0.0 0.375,1100000.375,0.010714285714285714,1082,0 0 633 7331 0 2124 -35,0.0 0.0 1.0 0.9220858895705522 0.0 1.0 1.0,10933.085889570551,0.6357142857142857,479,0 0 626 7839 0 2115 -43,0.0 0.0 0.9824561403508771 1.0 0.0 0.993367722918202 0.0,10834.495080737954,0.6071428571428571,396
resolved-p14d-c14d-comp-ps/resolved-c14d-p14d-3600-2nd/nsp-n20-d28-r0.10-rp2-fp2-s3,0 0 0 0 0 123 -48,0.0 0.0 0.0 0.0 0.0 0.0 0.0,0.0,0.075,363,0 0 0 0 0 130 -43,0.0 0.0 0.0 0.0 0.0 0.09210526315789473 0.29411764705882354,1.215170278637771,0.5857142857142857,51,0 0 0 0 0 199 -31,0.0 0.0 0.0 0.0 0.0 1.0 1.0,11.0,0.16071428571428573,210
resolved-p14d-c14d-comp-ps/resolved-c14d-p14d-3600-2nd/nsp-n20-d28-r0.10-rp2-fp2-s5,9 11 596 7448 0 2033 -14,0.3333333333333333 1.0 0.41836734693877553 0.004676539360872954 0.0 0.26556016597510373 0.7777777777777778,437525.11672151944,0.6357142857142857,1208,8 5 555 7442 0 1969 -8,0.0 0.14285714285714285 0.0 0.0 0.0 0.0 1.0,14286.714285714284,0.6571428571428571,1230,11 4 653 8725 0 2210 -35,1.0 0.0 1.0 1.0 0.0 1.0 0.0,1011010.0,0.65,1040
resolved-p14d-c14d-comp-ps/resolved-c14d-p14d-3600-2nd/nsp-n30-d28-r0.10-rp2-fp2-s0,9 5 1435 14053 0 4395 -97,1.0 0.0 0.8703703703703703 0.0 0.0 0.6382978723404256 1.0,1008711.0866824271,0.638095238095238,262,7 13 1388 14606 1 4335 -122,0.0 1.0 0.0 0.44560838033843675 1.0 0.0 0.038461538461538464,100545.6468418769,0.638095238095238,1022,7 12 1442 15294 0 4429 -123,0.0 0.875 1.0 1.0 0.0 1.0 0.0,98510.0,0.6404761904761904,1247
