,lnps-10-org-obj,lnps-10-nrm-obj,lnps-10-obj,lnps-10-diff,lnps-10-freq,lnps-30-org-obj,lnps-30-nrm-obj,lnps-30-obj,lnps-30-diff,lnps-30-freq,lnps-60-org-obj,lnps-60-nrm-obj,lnps-60-obj,lnps-60-diff,lnps-60-freq,mp-is1-p-hi-org-obj,mp-is1-p-hi-nrm-obj,mp-is1-p-hi-obj,mp-is1-p-hi-diff,mp-is1-p-hi-freq,mp-is1-p-low-org-obj,mp-is1-p-low-nrm-obj,mp-is1-p-low-obj,mp-is1-p-low-diff,mp-is1-p-low-freq,mp-is1-p-mid-org-obj,mp-is1-p-mid-nrm-obj,mp-is1-p-mid-obj,mp-is1-p-mid-diff,mp-is1-p-mid-freq,mp-is10-p-hi-org-obj,mp-is10-p-hi-nrm-obj,mp-is10-p-hi-obj,mp-is10-p-hi-diff,mp-is10-p-hi-freq,mp-is10-p-low-org-obj,mp-is10-p-low-nrm-obj,mp-is10-p-low-obj,mp-is10-p-low-diff,mp-is10-p-low-freq,mp-is10-p-mid-org-obj,mp-is10-p-mid-nrm-obj,mp-is10-p-mid-obj,mp-is10-p-mid-diff,mp-is10-p-mid-freq,mp-is100-p-hi-org-obj,mp-is100-p-hi-nrm-obj,mp-is100-p-hi-obj,mp-is100-p-hi-diff,mp-is100-p-hi-freq,mp-is100-p-low-org-obj,mp-is100-p-low-nrm-obj,mp-is100-p-low-obj,mp-is100-p-low-diff,mp-is100-p-low-freq,mp-is100-p-mid-org-obj,mp-is100-p-mid-nrm-obj,mp-is100-p-mid-obj,mp-is100-p-mid-diff,mp-is100-p-mid-freq,mp-p-hi-org-obj,mp-p-hi-nrm-obj,mp-p-hi-obj,mp-p-hi-diff,mp-p-hi-freq,mp-p-low-org-obj,mp-p-low-nrm-obj,mp-p-low-obj,mp-p-low-diff,mp-p-low-freq,mp-p-mid-org-obj,mp-p-mid-nrm-obj,mp-p-mid-obj,mp-p-mid-diff,mp-p-mid-freq,mp-ps-p-hi-org-obj,mp-ps-p-hi-nrm-obj,mp-ps-p-hi-obj,mp-ps-p-hi-diff,mp-ps-p-hi-freq,mp-ps-p-low-org-obj,mp-ps-p-low-nrm-obj,mp-ps-p-low-obj,mp-ps-p-low-diff,mp-ps-p-low-freq,mp-ps-p-mid-org-obj,mp-ps-p-mid-nrm-obj,mp-ps-p-mid-obj,mp-ps-p-mid-diff,mp-ps-p-mid-freq,ps-org-obj,ps-nrm-obj,ps-obj,ps-diff,ps-freq
resolved-c28d-3600-1st/nsp-n50-d28-r0.10-rp2-fp2-s8,2 16 2714 354 31 4586 -38,1.0 0.0 0.5679933665008292 0.0 0.0 0.6046511627906976 0.0,1005685.9801766363,0,25043,0 16 2880 660 98 5079 5,0.0 0.0 0.7056384742951907 0.2457831325301205 0.3145539906103286 1.0 0.5443037974683544,7344.167578340528,0,8696,1 184 3235 611 134 4716 25,0.5 0.38799076212471134 1.0 0.20642570281124498 0.4835680751173709 0.7089013632718525 0.7974683544303798,549061.7452047813,0,12745,0 449 2083 1599 227 4011 41,0.0 1.0 0.04477611940298507 1.0 0.92018779342723 0.14354450681635927 1.0,101542.21541844074,0,12692,0 428 2054 1441 240 3875 22,0.0 0.9515011547344111 0.020729684908789386 0.8730923694779117 0.9812206572769953 0.034482758620689655 0.759493670886076,96329.73107899171,0,14171,0 441 2086 1485 222 3970 24,0.0 0.9815242494226328 0.0472636815920398 0.908433734939759 0.8967136150234741 0.11066559743384122 0.7848101265822784,99625.0583207267,0,13580,0 437 2047 1456 240 3891 28,0.0 0.9722863741339491 0.014925373134328358 0.885140562248996 0.9812206572769953 0.04731355252606255 0.8354430379746836,98362.46235127813,0,13819,0 445 2095 1586 209 3890 16,0.0 0.9907621247113164 0.05472636815920398 0.989558232931727 0.8356807511737089 0.046511627906976744 0.6835443037974683,100697.75112135564,0,13289,0 429 2054 1443 243 3874 25,0.0 0.953810623556582 0.020729684908789386 0.8746987951807229 0.9953051643192489 0.03368083400160385 0.7974683544303798,96563.72279305318,0,14127,0 425 2029 1418 237 3832 21,0.0 0.9445727482678984 0.0 0.8546184738955823 0.9671361502347418 0.0 0.7468354430379747,95409.35375115194,0,14415,0 441 2087 1539 220 3919 24,0.0 0.9815242494226328 0.04809286898839138 0.9518072289156626 0.8873239436619719 0.06976744186046512 0.7848101265822784,99675.37573997425,0,13562,0 429 2054 1447 244 3917 25,0.0 0.953810623556582 0.020729684908789386 0.8779116465863454 1.0 0.0681635926222935 0.7974683544303798,96567.7499556131,0,14112,0 428 2037 1421 234 3841 18,0.0 0.9515011547344111 0.006633499170812604 0.8570281124497992 0.9530516431924883 0.007217321571772253 0.7088607594936709,96169.5647758935,0,14281,0 433 2050 1451 243 3847 27,0.0 0.9630484988452656 0.017412935323383085 0.8811244979919679 0.9953051643192489 0.012028869286287089 0.8227848101265823,97460.57732568726,0,14039,0 424 2053 1422 240 3845 19,0.0 0.9422632794457275 0.01990049751243781 0.8578313253012049 0.9812206572769953 0.010425020048115477 0.7215189873417721,95382.11207991386,0,14422,0 441 2087 1543 218 3951 26,0.0 0.9815242494226328 0.04809286898839138 0.9550200803212852 0.8779342723004695 0.0954290296712109 0.810126582278481,99677.93155657752,0,13559,0 428 2037 1439 238 3843 18,0.0 0.9515011547344111 0.006633499170812604 0.8714859437751004 0.971830985915493 0.008821170809943865 0.7088607594936709,96185.91657998347,0,14258,0 445 2108 1570 220 3929 35,0.0 0.9907621247113164 0.06550580431177445 0.976706827309237 0.8873239436619719 0.07778668805132317 0.9240506329113924,100798.41165343825,0,13241,0 428 2054 1441 240 3875 22,0.0 0.9515011547344111 0.020729684908789386 0.8730923694779117 0.9812206572769953 0.034482758620689655 0.759493670886076,96329.73107899171,0,14171
resolved-c28d-3600-1st/nsp-n30-d28-r0.10-rp2-fp2-s5,0 0 10 41 0 385 -31,0.0 0.0 0.02564102564102564 0.0 0.0 0.0 0.45161290322580644,256.8618693134822,0,3898,0 0 124 2250 3 1087 -73,0.0 0.0 1.0 1.0 0.04411764705882353 0.9069767441860465 0.0,11013.481532147744,0,2495,0 0 7 165 22 943 20,0.0 0.0 0.0 0.05613399728383884 0.3235294117647059 0.7209302325581395 1.0,96.69624078589082,0,26947,0 0 20 182 54 757 -25,0.0 0.0 0.1111111111111111 0.06382978723404255 0.7941176470588235 0.4806201550387597 0.5161290322580645,1259.6749936336817,0,21708,0 0 20 182 54 721 -24,0.0 0.0 0.1111111111111111 0.06382978723404255 0.7941176470588235 0.43410852713178294 0.5268817204301075,1259.220630042784,0,21768,0 0 20 217 47 928 13,0.0 0.0 0.1111111111111111 0.07967406066093255 0.6911764705882353 0.7015503875968992 0.9247311827956989,1267.8430538896318,0,21356,0 0 21 231 54 963 18,0.0 0.0 0.11965811965811966 0.08601177003168854 0.7941176470588235 0.7467700258397932 0.978494623655914,1370.4509262008212,0,21287,0 0 21 232 54 964 16,0.0 0.0 0.11965811965811966 0.08646446355817111 0.7941176470588235 0.748062015503876 0.956989247311828,1370.8950342476005,0,21282,0 0 22 200 41 976 11,0.0 0.0 0.1282051282051282 0.07197827071072883 0.6029411764705882 0.7635658914728682 0.9032258064516129,1422.86255513025,0,21258,0 0 26 234 68 1114 14,0.0 0.0 0.1623931623931624 0.08736985061113627 1.0 0.9418604651162791 0.9354838709677419,1821.6555630648909,0,20634,0 0 20 183 40 826 6,0.0 0.0 0.1111111111111111 0.06428248076052512 0.5882352941176471 0.5697674418604651 0.8494623655913979,1240.764258067597,0,21686,0 0 34 180 63 1159 16,0.0 0.0 0.23076923076923078 0.06292440018107741 0.9264705882352942 1.0 0.956989247311828,2474.2207559442263,0,20099,0 0 20 194 45 845 5,0.0 0.0 0.1111111111111111 0.06926210955183341 0.6617647058823529 0.5943152454780362 0.8387096774193549,1253.3315533833795,0,21580,0 0 17 180 52 704 -22,0.0 0.0 0.08547008547008547 0.06292440018107741 0.7647058823529411 0.41214470284237725 0.5483870967741935,998.7656772424242,0,22088,0 0 19 182 53 714 -20,0.0 0.0 0.10256410256410256 0.06382978723404255 0.7794117647058824 0.42506459948320413 0.5698924731182796,1172.2325278136068,0,21923,0 0 32 189 55 1104 19,0.0 0.0 0.21367521367521367 0.06699864191942055 0.8088235294117647 0.9289405684754521 0.989247311827957,2294.9117846093163,0,20431,0 0 20 195 45 879 11,0.0 0.0 0.1111111111111111 0.06971480307831598 0.6617647058823529 0.6382428940568475 0.9032258064516129,1254.2880395246825,0,21546,0 0 25 208 53 1004 20,0.0 0.0 0.15384615384615385 0.0755998189225894 0.7794117647058824 0.7997416020671835 1.0,1700.999949875388,0,20975,0 0 20 182 54 712 -26,0.0 0.0 0.1111111111111111 0.06382978723404255 0.7941176470588235 0.42248062015503873 0.5053763440860215,1259.0828455966723,0,21784
resolved-c28d-3600-1st/nsp-n40-d28-r0.10-rp2-fp2-s1,0 2 22 16 0 374 -186,0.0 0.0 0.0 0.0 0.0 0.0 0.0,0.0,0,4529,0 2 57 433 79 2724 -22,0.0 0.0 0.05952380952380952 0.6405529953917051 0.40512820512820513 0.719094247246022 0.9704142011834319,1284.4652678162645,0,38459,0 2 46 501 99 2712 -55,0.0 0.0 0.04081632653061224 0.7450076804915514 0.5076923076923077 0.715422276621787 0.7751479289940828,1211.8695472621166,0,40030,0 2 177 532 143 2667 -44,0.0 0.0 0.26360544217687076 0.7926267281105991 0.7333333333333333 0.7016523867809058 0.8402366863905325,3509.8712437668396,0,44874,0 2 175 544 188 2772 -63,0.0 0.0 0.2602040816326531 0.8110599078341014 0.9641025641025641 0.7337821297429621 0.727810650887574,3517.576612519206,0,45107,0 2 155 578 174 2897 -48,0.0 0.0 0.2261904761904762 0.8632872503840245 0.8923076923076924 0.77203182374541 0.8165680473372781,3222.959667804347,0,46171,0 2 155 581 174 2902 -50,0.0 0.0 0.2261904761904762 0.8678955453149002 0.8923076923076924 0.773561811505508 0.8047337278106509,3227.5714282932972,0,46130,0 2 151 549 183 2856 -69,0.0 0.0 0.2193877551020408 0.8187403993855606 0.9384615384615385 0.7594859241126071 0.6923076923076923,3114.7512711855566,0,46546,0 2 151 514 193 2844 -43,0.0 0.0 0.2193877551020408 0.7649769585253456 0.9897435897435898 0.7558139534883721 0.8461538461538461,3066.23316190115,0,46983,0 2 479 667 154 3461 -55,0.0 0.0 0.7772108843537415 1.0 0.7897435897435897 0.9446144430844553 0.7751479289940828,8861.304494871612,0,41473,0 2 137 513 167 2910 -37,0.0 0.0 0.195578231292517 0.7634408602150538 0.8564102564102564 0.7760097919216646 0.8816568047337278,2813.5059535051996,0,47865,0 2 151 528 193 2908 -46,0.0 0.0 0.2193877551020408 0.7864823348694316 0.9897435897435898 0.7753977968176254 0.8284023668639053,3087.9166251992388,0,46755,0 2 175 544 188 2772 -65,0.0 0.0 0.2602040816326531 0.8110599078341014 0.9641025641025641 0.7337821297429621 0.7159763313609467,3517.564778199679,0,45108,0 2 141 530 160 2886 -38,0.0 0.0 0.20238095238095238 0.7895545314900153 0.8205128205128205 0.7686658506731946 0.8757396449704142,2903.9777355025235,0,47470,0 2 193 539 124 2473 -76,0.0 0.0 0.29081632653061223 0.8033794162826421 0.6358974358974359 0.6422888616891065 0.650887573964497,3782.2062013693635,0,44601,0 2 610 595 177 3642 -17,0.0 0.0 1.0 0.8894009216589862 0.9076923076923077 1.0 1.0,10991.170152428216,0,35993,0 2 151 513 195 2854 -44,0.0 0.0 0.2193877551020408 0.7634408602150538 1.0 0.758873929008568 0.8402366863905325,3065.747387211938,0,47016,0 2 193 539 124 2473 -76,0.0 0.0 0.29081632653061223 0.8033794162826421 0.6358974358974359 0.6422888616891065 0.650887573964497,3782.2062013693635,0,44601,0 2 157 576 172 2953 -47,0.0 0.0 0.22959183673469388 0.8602150537634409 0.882051282051282 0.7891676866585068 0.8224852071005917,3253.0527113891935,0,45462
resolved-c28d-3600-1st/nsp-n30-d28-r0.10-rp2-fp2-s4,0 2 0 0 0 102 -119,0.0 0.0 0.0 0.0 0.0 0.0 0.11475409836065574,0.11475409836065574,0,26080,0 2 0 0 0 107 -126,0.0 0.0 0.0 0.0 0.0 0.10416666666666667 0.0,1.0416666666666667,0,25932,0 2 0 0 0 112 -98,0.0 0.0 0.0 0.0 0.0 0.20833333333333334 0.45901639344262296,2.5423497267759565,0,25860,0 2 0 0 0 141 -68,0.0 0.0 0.0 0.0 0.0 0.8125 0.9508196721311475,9.075819672131148,0,16441,0 2 0 0 0 141 -66,0.0 0.0 0.0 0.0 0.0 0.8125 0.9836065573770492,9.10860655737705,0,16439,0 2 0 0 0 141 -66,0.0 0.0 0.0 0.0 0.0 0.8125 0.9836065573770492,9.10860655737705,0,16439,0 2 0 0 0 141 -68,0.0 0.0 0.0 0.0 0.0 0.8125 0.9508196721311475,9.075819672131148,0,16441,0 2 0 0 0 150 -76,0.0 0.0 0.0 0.0 0.0 1.0 0.819672131147541,10.819672131147541,0,16422,0 2 0 0 0 150 -76,0.0 0.0 0.0 0.0 0.0 1.0 0.819672131147541,10.819672131147541,0,16422,0 2 0 0 0 150 -76,0.0 0.0 0.0 0.0 0.0 1.0 0.819672131147541,10.819672131147541,0,16422,0 2 0 0 0 141 -68,0.0 0.0 0.0 0.0 0.0 0.8125 0.9508196721311475,9.075819672131148,0,16441,0 2 0 0 0 150 -77,0.0 0.0 0.0 0.0 0.0 1.0 0.8032786885245902,10.80327868852459,0,16423,0 2 0 0 0 141 -67,0.0 0.0 0.0 0.0 0.0 0.8125 0.9672131147540983,9.092213114754099,0,16440,0 2 0 0 0 141 -67,0.0 0.0 0.0 0.0 0.0 0.8125 0.9672131147540983,9.092213114754099,0,16440,0 2 0 0 0 141 -68,0.0 0.0 0.0 0.0 0.0 0.8125 0.9508196721311475,9.075819672131148,0,16441,0 2 0 0 0 141 -66,0.0 0.0 0.0 0.0 0.0 0.8125 0.9836065573770492,9.10860655737705,0,16439,0 2 0 0 0 141 -65,0.0 0.0 0.0 0.0 0.0 0.8125 1.0,9.125,0,16438,0 2 0 0 0 141 -67,0.0 0.0 0.0 0.0 0.0 0.8125 0.9672131147540983,9.092213114754099,0,16440,0 2 0 0 0 141 -68,0.0 0.0 0.0 0.0 0.0 0.8125 0.9508196721311475,9.075819672131148,0,16441
resolved-c28d-3600-1st/nsp-n10-d28-r0.10-rp0-fp0-s5,0 0 2 0 0 118 -45,0.0 0.0 0.0 0.0 0.0 0.125 0.0,1.25,0,6741,0 0 2 0 0 117 -41,0.0 0.0 0.0 0.0 0.0 0.0 0.2222222222222222,0.2222222222222222,0,6717,0 0 2 0 0 117 -43,0.0 0.0 0.0 0.0 0.0 0.0 0.1111111111111111,0.1111111111111111,0,6733,0 0 2 0 0 125 -27,0.0 0.0 0.0 0.0 0.0 1.0 1.0,11.0,0,3965,0 0 2 0 0 125 -27,0.0 0.0 0.0 0.0 0.0 1.0 1.0,11.0,0,3965,0 0 2 0 0 125 -27,0.0 0.0 0.0 0.0 0.0 1.0 1.0,11.0,0,3965,0 0 2 0 0 125 -27,0.0 0.0 0.0 0.0 0.0 1.0 1.0,11.0,0,3965,0 0 2 0 0 125 -27,0.0 0.0 0.0 0.0 0.0 1.0 1.0,11.0,0,3965,0 0 2 0 0 125 -27,0.0 0.0 0.0 0.0 0.0 1.0 1.0,11.0,0,3965,0 0 2 0 0 125 -27,0.0 0.0 0.0 0.0 0.0 1.0 1.0,11.0,0,3965,0 0 2 0 0 125 -27,0.0 0.0 0.0 0.0 0.0 1.0 1.0,11.0,0,3965,0 0 2 0 0 125 -27,0.0 0.0 0.0 0.0 0.0 1.0 1.0,11.0,0,3965,0 0 2 0 0 125 -27,0.0 0.0 0.0 0.0 0.0 1.0 1.0,11.0,0,3965,0 0 2 0 0 125 -27,0.0 0.0 0.0 0.0 0.0 1.0 1.0,11.0,0,3965,0 0 2 0 0 125 -27,0.0 0.0 0.0 0.0 0.0 1.0 1.0,11.0,0,3965,0 0 2 0 0 125 -27,0.0 0.0 0.0 0.0 0.0 1.0 1.0,11.0,0,3965,0 0 2 0 0 125 -27,0.0 0.0 0.0 0.0 0.0 1.0 1.0,11.0,0,3965,0 0 2 0 0 125 -27,0.0 0.0 0.0 0.0 0.0 1.0 1.0,11.0,0,3965,0 0 2 0 0 125 -27,0.0 0.0 0.0 0.0 0.0 1.0 1.0,11.0,0,3965
resolved-c28d-3600-1st/nsp-n10-d28-r0.10-rp0-fp0-s0,0 1 0 0 0 75 -43,0.0 0.0 0.0 0.0 0.0 0.0 0.0,0.0,0,23036,0 1 0 0 0 75 -37,0.0 0.0 0.0 0.0 0.0 0.0 0.35294117647058826,0.35294117647058826,0,23056,0 1 0 0 0 77 -40,0.0 0.0 0.0 0.0 0.0 0.10526315789473684 0.17647058823529413,1.2291021671826625,0,23059,0 1 0 0 0 94 -26,0.0 0.0 0.0 0.0 0.0 1.0 1.0,11.0,0,19016,0 1 0 0 0 94 -31,0.0 0.0 0.0 0.0 0.0 1.0 0.7058823529411765,10.705882352941176,0,19021,0 1 0 0 0 94 -27,0.0 0.0 0.0 0.0 0.0 1.0 0.9411764705882353,10.941176470588236,0,19017,0 1 0 0 0 94 -31,0.0 0.0 0.0 0.0 0.0 1.0 0.7058823529411765,10.705882352941176,0,19021,0 1 0 0 0 94 -28,0.0 0.0 0.0 0.0 0.0 1.0 0.8823529411764706,10.882352941176471,0,19018,0 1 0 0 0 94 -30,0.0 0.0 0.0 0.0 0.0 1.0 0.7647058823529411,10.764705882352942,0,19020,0 1 0 0 0 94 -31,0.0 0.0 0.0 0.0 0.0 1.0 0.7058823529411765,10.705882352941176,0,19021,0 1 0 0 0 94 -29,0.0 0.0 0.0 0.0 0.0 1.0 0.8235294117647058,10.823529411764707,0,19019,0 1 0 0 0 94 -28,0.0 0.0 0.0 0.0 0.0 1.0 0.8823529411764706,10.882352941176471,0,19018,0 1 0 0 0 94 -31,0.0 0.0 0.0 0.0 0.0 1.0 0.7058823529411765,10.705882352941176,0,19021,0 1 0 0 0 94 -31,0.0 0.0 0.0 0.0 0.0 1.0 0.7058823529411765,10.705882352941176,0,19021,0 1 0 0 0 94 -26,0.0 0.0 0.0 0.0 0.0 1.0 1.0,11.0,0,19016,0 1 0 0 0 94 -30,0.0 0.0 0.0 0.0 0.0 1.0 0.7647058823529411,10.764705882352942,0,19020,0 1 0 0 0 94 -28,0.0 0.0 0.0 0.0 0.0 1.0 0.8823529411764706,10.882352941176471,0,19018,0 1 0 0 0 94 -27,0.0 0.0 0.0 0.0 0.0 1.0 0.9411764705882353,10.941176470588236,0,19017,0 1 0 0 0 94 -29,0.0 0.0 0.0 0.0 0.0 1.0 0.8235294117647058,10.823529411764707,0,19019
resolved-c28d-3600-1st/nsp-n30-d28-r0.10-rp2-fp2-s9,0 8 168 115 32 1152 -20,0.0 0.0 0.0 0.0 0.0 0.0 0.0,0.0,0,10988,0 68 469 393 103 1743 12,0.0 0.2054794520547945 0.3955321944809461 0.42967542503863987 0.47333333333333333 0.9704433497536946 0.49230769230769234,24990.47264985073,0,10403,0 156 536 483 117 1607 6,0.0 0.5068493150684932 0.4835742444152431 0.5687789799072643 0.5666666666666667 0.7471264367816092 0.4,56153.990861943494,0,10686,0 258 883 724 139 1663 45,0.0 0.8561643835616438 0.9395532194480947 0.9412673879443586 0.7133333333333334 0.8390804597701149 1.0,96033.96207652072,0,36986,0 240 847 668 147 1761 29,0.0 0.7945205479452054 0.8922470433639947 0.8547140649149922 0.7666666666666667 1.0 0.7538461538461538,89316.659805896,0,37665,0 249 882 725 148 1738 28,0.0 0.8253424657534246 0.938239159001314 0.9428129829984544 0.7733333333333333 0.9622331691297209 0.7384615384615385,92947.14527491714,0,37323,0 259 862 713 141 1626 34,0.0 0.8595890410958904 0.911957950065703 0.9242658423493045 0.7266666666666667 0.7783251231527094 0.8307692307692308,96084.03013972435,0,36844,0 289 929 687 170 1538 44,0.0 0.9623287671232876 1.0 0.884080370942813 0.92 0.6338259441707718 0.9846153846153847,107216.2799580979,0,35404,0 251 884 730 152 1697 36,0.0 0.8321917808219178 0.9408672798948752 0.9505409582689336 0.8 0.8949096880131363 0.8615384615384616,93668.20247475113,0,37107,0 300 889 708 182 1467 34,0.0 1.0 0.9474375821287779 0.9165378670788253 1.0 0.5172413793103449 0.8307692307692308,110496.91687139048,0,34867,0 252 878 726 146 1692 41,0.0 0.8356164383561644 0.9329829172141918 0.9443585780525502 0.76 0.8866995073891626 0.9384615384615385,93921.63704242326,0,37065,0 259 852 728 141 1606 37,0.0 0.8595890410958904 0.8988173455978975 0.9474497681607419 0.7266666666666667 0.7454844006568144 0.8769230769230769,95975.52576747892,0,36916,0 251 879 745 157 1739 30,0.0 0.8321917808219178 0.9342969776609724 0.973724884080371 0.8333333333333334 0.9638752052545156 0.7692307692307693,93629.61405903698,0,37158,0 257 883 728 139 1663 44,0.0 0.8527397260273972 0.9395532194480947 0.9474497681607419 0.7133333333333334 0.8390804597701149 0.9846153846153847,95697.66331869707,0,36990,0 252 878 726 146 1692 41,0.0 0.8356164383561644 0.9329829172141918 0.9443585780525502 0.76 0.8866995073891626 0.9384615384615385,93921.63704242326,0,37065,0 259 852 728 141 1606 36,0.0 0.8595890410958904 0.8988173455978975 0.9474497681607419 0.7266666666666667 0.7454844006568144 0.8615384615384616,95975.51038286353,0,36917,0 259 852 728 141 1606 36,0.0 0.8595890410958904 0.8988173455978975 0.9474497681607419 0.7266666666666667 0.7454844006568144 0.8615384615384616,95975.51038286353,0,36917,0 251 881 762 160 1759 31,0.0 0.8321917808219178 0.9369250985545335 1.0 0.8533333333333334 0.9967159277504105 0.7846153846153846,93684.51417573256,0,37117,0 259 852 728 141 1606 36,0.0 0.8595890410958904 0.8988173455978975 0.9474497681607419 0.7266666666666667 0.7454844006568144 0.8615384615384616,95975.51038286353,0,36917
resolved-c28d-3600-1st/nsp-n20-d28-r0.10-rp2-fp2-s2,0 0 14 43 0 116 -56,0.0 0.0 1.0 1.0 0.0 1.0 0.5098039215686274,11010.509803921568,0,2216,0 0 10 0 0 74 -62,0.0 0.0 0.0 0.0 0.0 0.0 0.39215686274509803,0.39215686274509803,0,20070,0 0 10 0 0 74 -82,0.0 0.0 0.0 0.0 0.0 0.0 0.0,0.0,0,20055,0 0 10 0 0 104 -44,0.0 0.0 0.0 0.0 0.0 0.7142857142857143 0.7450980392156863,7.8879551820728295,0,21907,0 0 10 0 0 105 -31,0.0 0.0 0.0 0.0 0.0 0.7380952380952381 1.0,8.380952380952381,0,21904,0 0 10 0 0 105 -32,0.0 0.0 0.0 0.0 0.0 0.7380952380952381 0.9803921568627451,8.361344537815127,0,21905,0 0 10 0 0 105 -31,0.0 0.0 0.0 0.0 0.0 0.7380952380952381 1.0,8.380952380952381,0,21904,0 0 10 0 0 105 -31,0.0 0.0 0.0 0.0 0.0 0.7380952380952381 1.0,8.380952380952381,0,21904,0 0 10 0 0 105 -32,0.0 0.0 0.0 0.0 0.0 0.7380952380952381 0.9803921568627451,8.361344537815127,0,21905,0 0 10 0 0 105 -31,0.0 0.0 0.0 0.0 0.0 0.7380952380952381 1.0,8.380952380952381,0,21904,0 0 10 0 0 105 -32,0.0 0.0 0.0 0.0 0.0 0.7380952380952381 0.9803921568627451,8.361344537815127,0,21905,0 0 10 0 0 104 -45,0.0 0.0 0.0 0.0 0.0 0.7142857142857143 0.7254901960784313,7.868347338935575,0,21908,0 0 10 0 0 105 -31,0.0 0.0 0.0 0.0 0.0 0.7380952380952381 1.0,8.380952380952381,0,21904,0 0 10 0 0 105 -31,0.0 0.0 0.0 0.0 0.0 0.7380952380952381 1.0,8.380952380952381,0,21904,0 0 10 0 0 105 -32,0.0 0.0 0.0 0.0 0.0 0.7380952380952381 0.9803921568627451,8.361344537815127,0,21905,0 0 10 0 0 105 -32,0.0 0.0 0.0 0.0 0.0 0.7380952380952381 0.9803921568627451,8.361344537815127,0,21905,0 0 10 0 0 105 -31,0.0 0.0 0.0 0.0 0.0 0.7380952380952381 1.0,8.380952380952381,0,21904,0 0 10 0 0 104 -45,0.0 0.0 0.0 0.0 0.0 0.7142857142857143 0.7254901960784313,7.868347338935575,0,21908,0 0 10 0 0 104 -43,0.0 0.0 0.0 0.0 0.0 0.7142857142857143 0.7647058823529411,7.907563025210084,0,21906
resolved-c28d-3600-1st/nsp-n10-d28-r0.10-rp0-fp0-s4,0 1 0 0 0 94 -40,0.0 0.0 0.0 0.0 0.0 0.0 0.1111111111111111,0.1111111111111111,0,24971,0 1 0 0 0 94 -40,0.0 0.0 0.0 0.0 0.0 0.0 0.1111111111111111,0.1111111111111111,0,25010,0 1 0 0 0 95 -42,0.0 0.0 0.0 0.0 0.0 0.058823529411764705 0.0,0.5882352941176471,0,24980,0 1 0 0 0 108 -26,0.0 0.0 0.0 0.0 0.0 0.8235294117647058 0.8888888888888888,9.124183006535947,0,34940,0 1 0 0 0 108 -26,0.0 0.0 0.0 0.0 0.0 0.8235294117647058 0.8888888888888888,9.124183006535947,0,34940,0 1 0 0 0 111 -30,0.0 0.0 0.0 0.0 0.0 1.0 0.6666666666666666,10.666666666666666,0,34934,0 1 0 0 0 108 -26,0.0 0.0 0.0 0.0 0.0 0.8235294117647058 0.8888888888888888,9.124183006535947,0,34940,0 1 0 0 0 108 -26,0.0 0.0 0.0 0.0 0.0 0.8235294117647058 0.8888888888888888,9.124183006535947,0,34940,0 1 0 0 0 105 -25,0.0 0.0 0.0 0.0 0.0 0.6470588235294118 0.9444444444444444,7.415032679738562,0,34942,0 1 0 0 0 108 -26,0.0 0.0 0.0 0.0 0.0 0.8235294117647058 0.8888888888888888,9.124183006535947,0,34940,0 1 0 0 0 108 -26,0.0 0.0 0.0 0.0 0.0 0.8235294117647058 0.8888888888888888,9.124183006535947,0,34940,0 1 0 0 0 108 -26,0.0 0.0 0.0 0.0 0.0 0.8235294117647058 0.8888888888888888,9.124183006535947,0,34940,0 1 0 0 0 105 -24,0.0 0.0 0.0 0.0 0.0 0.6470588235294118 1.0,7.470588235294118,0,34941,0 1 0 0 0 104 -24,0.0 0.0 0.0 0.0 0.0 0.5882352941176471 1.0,6.882352941176471,0,34944,0 1 0 0 0 108 -26,0.0 0.0 0.0 0.0 0.0 0.8235294117647058 0.8888888888888888,9.124183006535947,0,34940,0 1 0 0 0 108 -26,0.0 0.0 0.0 0.0 0.0 0.8235294117647058 0.8888888888888888,9.124183006535947,0,34940,0 1 0 0 0 108 -26,0.0 0.0 0.0 0.0 0.0 0.8235294117647058 0.8888888888888888,9.124183006535947,0,34940,0 1 0 0 0 108 -26,0.0 0.0 0.0 0.0 0.0 0.8235294117647058 0.8888888888888888,9.124183006535947,0,34940,0 1 0 0 0 110 -29,0.0 0.0 0.0 0.0 0.0 0.9411764705882353 0.7222222222222222,10.133986928104575,0,34938
resolved-c28d-3600-1st/nsp-n20-d28-r0.10-rp2-fp2-s4,0 1 4 115 0 128 -67,0.0 0.0 1.0 1.0 0.0 1.0 0.09523809523809523,11010.095238095239,0,3332,0 1 0 0 0 65 -71,0.0 0.0 0.0 0.0 0.0 0.0 0.0,0.0,0,47520,0 1 0 0 0 69 -49,0.0 0.0 0.0 0.0 0.0 0.06349206349206349 0.5238095238095238,1.1587301587301586,0,47464,0 1 0 0 0 93 -33,0.0 0.0 0.0 0.0 0.0 0.4444444444444444 0.9047619047619048,5.34920634920635,0,34569,0 1 0 0 0 93 -33,0.0 0.0 0.0 0.0 0.0 0.4444444444444444 0.9047619047619048,5.34920634920635,0,34569,0 1 0 0 0 93 -33,0.0 0.0 0.0 0.0 0.0 0.4444444444444444 0.9047619047619048,5.34920634920635,0,34569,0 1 0 0 0 95 -52,0.0 0.0 0.0 0.0 0.0 0.47619047619047616 0.4523809523809524,5.214285714285714,0,34562,0 1 0 0 0 95 -52,0.0 0.0 0.0 0.0 0.0 0.47619047619047616 0.4523809523809524,5.214285714285714,0,34562,0 1 0 0 0 93 -33,0.0 0.0 0.0 0.0 0.0 0.4444444444444444 0.9047619047619048,5.34920634920635,0,34569,0 1 0 0 0 95 -52,0.0 0.0 0.0 0.0 0.0 0.47619047619047616 0.4523809523809524,5.214285714285714,0,34562,0 1 0 0 0 93 -31,0.0 0.0 0.0 0.0 0.0 0.4444444444444444 0.9523809523809523,5.396825396825397,0,34568,0 1 0 0 0 93 -33,0.0 0.0 0.0 0.0 0.0 0.4444444444444444 0.9047619047619048,5.34920634920635,0,34569,0 1 0 0 0 93 -33,0.0 0.0 0.0 0.0 0.0 0.4444444444444444 0.9047619047619048,5.34920634920635,0,34569,0 1 0 0 0 95 -52,0.0 0.0 0.0 0.0 0.0 0.47619047619047616 0.4523809523809524,5.214285714285714,0,34562,0 1 0 0 0 93 -33,0.0 0.0 0.0 0.0 0.0 0.4444444444444444 0.9047619047619048,5.34920634920635,0,34569,0 1 0 0 0 95 -52,0.0 0.0 0.0 0.0 0.0 0.47619047619047616 0.4523809523809524,5.214285714285714,0,34562,0 1 0 0 0 93 -33,0.0 0.0 0.0 0.0 0.0 0.4444444444444444 0.9047619047619048,5.34920634920635,0,34569,0 1 0 0 0 93 -29,0.0 0.0 0.0 0.0 0.0 0.4444444444444444 1.0,5.444444444444445,0,34566,0 1 0 0 0 93 -31,0.0 0.0 0.0 0.0 0.0 0.4444444444444444 0.9523809523809523,5.396825396825397,0,34568
resolved-c28d-3600-1st/nsp-n50-d28-r0.10-rp2-fp2-s7,0 3 203 835 37 1948 -44,0.0 1.0 1.0 1.0 1.0 1.0 1.0,111111.0,0,9287,0 2 0 0 0 388 -105,0.0 0.0 0.0 0.0 0.0 0.0 0.39,0.39,0,19095,0 2 0 0 0 405 -140,0.0 0.0 0.0 0.0 0.0 0.010897435897435897 0.04,0.14897435897435898,0,19023,0 2 0 0 0 430 -122,0.0 0.0 0.0 0.0 0.0 0.026923076923076925 0.22,0.48923076923076925,0,22106,0 2 0 0 0 430 -122,0.0 0.0 0.0 0.0 0.0 0.026923076923076925 0.22,0.48923076923076925,0,22106,0 2 0 0 0 459 -111,0.0 0.0 0.0 0.0 0.0 0.04551282051282051 0.33,0.7851282051282051,0,22096,0 2 0 0 0 430 -123,0.0 0.0 0.0 0.0 0.0 0.026923076923076925 0.21,0.47923076923076924,0,22107,0 2 0 0 0 430 -122,0.0 0.0 0.0 0.0 0.0 0.026923076923076925 0.22,0.48923076923076925,0,22106,0 2 0 0 0 420 -119,0.0 0.0 0.0 0.0 0.0 0.020512820512820513 0.25,0.4551282051282051,0,22120,0 2 0 0 0 480 -144,0.0 0.0 0.0 0.0 0.0 0.05897435897435897 0.0,0.5897435897435898,0,22030,0 2 0 0 0 420 -119,0.0 0.0 0.0 0.0 0.0 0.020512820512820513 0.25,0.4551282051282051,0,22120,0 2 0 0 0 430 -122,0.0 0.0 0.0 0.0 0.0 0.026923076923076925 0.22,0.48923076923076925,0,22106,0 2 0 0 0 430 -121,0.0 0.0 0.0 0.0 0.0 0.026923076923076925 0.23,0.49923076923076926,0,22105,0 2 0 0 0 430 -122,0.0 0.0 0.0 0.0 0.0 0.026923076923076925 0.22,0.48923076923076925,0,22106,0 2 0 0 0 430 -122,0.0 0.0 0.0 0.0 0.0 0.026923076923076925 0.22,0.48923076923076925,0,22106,0 2 0 0 0 480 -144,0.0 0.0 0.0 0.0 0.0 0.05897435897435897 0.0,0.5897435897435898,0,22030,0 2 0 0 0 420 -120,0.0 0.0 0.0 0.0 0.0 0.020512820512820513 0.24,0.4451282051282051,0,22121,0 2 0 0 0 420 -119,0.0 0.0 0.0 0.0 0.0 0.020512820512820513 0.25,0.4551282051282051,0,22120,0 2 0 0 0 430 -122,0.0 0.0 0.0 0.0 0.0 0.026923076923076925 0.22,0.48923076923076925,0,22106
resolved-c28d-3600-1st/nsp-n10-d28-r0.10-rp0-fp0-s7,0 0 0 0 0 75 -32,0.0 0.0 0.0 0.0 0.0 0.18181818181818182 0.125,1.9431818181818183,0,155,0 0 0 0 0 73 -34,0.0 0.0 0.0 0.0 0.0 0.09090909090909091 0.0,0.9090909090909092,0,166,0 0 0 0 0 71 -30,0.0 0.0 0.0 0.0 0.0 0.0 0.25,0.25,0,148,0 0 0 0 0 90 -21,0.0 0.0 0.0 0.0 0.0 0.8636363636363636 0.8125,9.448863636363637,0,99,0 0 0 0 0 90 -20,0.0 0.0 0.0 0.0 0.0 0.8636363636363636 0.875,9.511363636363637,0,98,0 0 0 0 0 90 -21,0.0 0.0 0.0 0.0 0.0 0.8636363636363636 0.8125,9.448863636363637,0,99,0 0 0 0 0 90 -21,0.0 0.0 0.0 0.0 0.0 0.8636363636363636 0.8125,9.448863636363637,0,99,0 0 0 0 0 90 -21,0.0 0.0 0.0 0.0 0.0 0.8636363636363636 0.8125,9.448863636363637,0,99,0 0 0 0 0 90 -20,0.0 0.0 0.0 0.0 0.0 0.8636363636363636 0.875,9.511363636363637,0,98,0 0 0 0 0 90 -21,0.0 0.0 0.0 0.0 0.0 0.8636363636363636 0.8125,9.448863636363637,0,99,0 0 0 0 0 90 -20,0.0 0.0 0.0 0.0 0.0 0.8636363636363636 0.875,9.511363636363637,0,98,0 0 0 0 0 90 -21,0.0 0.0 0.0 0.0 0.0 0.8636363636363636 0.8125,9.448863636363637,0,99,0 0 0 0 0 90 -21,0.0 0.0 0.0 0.0 0.0 0.8636363636363636 0.8125,9.448863636363637,0,99,0 0 0 0 0 90 -20,0.0 0.0 0.0 0.0 0.0 0.8636363636363636 0.875,9.511363636363637,0,98,0 0 0 0 0 90 -20,0.0 0.0 0.0 0.0 0.0 0.8636363636363636 0.875,9.511363636363637,0,98,0 0 0 0 0 90 -21,0.0 0.0 0.0 0.0 0.0 0.8636363636363636 0.8125,9.448863636363637,0,99,0 0 0 0 0 93 -18,0.0 0.0 0.0 0.0 0.0 1.0 1.0,11.0,0,73,0 0 0 0 0 90 -21,0.0 0.0 0.0 0.0 0.0 0.8636363636363636 0.8125,9.448863636363637,0,99,0 0 0 0 0 90 -21,0.0 0.0 0.0 0.0 0.0 0.8636363636363636 0.8125,9.448863636363637,0,99
resolved-c28d-3600-1st/nsp-n30-d28-r0.10-rp2-fp2-s7,0 0 0 0 0 90 -156,0.0 0.0 0.0 0.0 0.0 0.17647058823529413 0.0,1.7647058823529413,0,666,0 0 0 0 0 81 -144,0.0 0.0 0.0 0.0 0.0 0.0 0.17391304347826086,0.17391304347826086,0,442,0 0 0 0 0 88 -136,0.0 0.0 0.0 0.0 0.0 0.13725490196078433 0.2898550724637681,1.6624040920716112,0,372,0 0 0 0 0 132 -87,0.0 0.0 0.0 0.0 0.0 1.0 1.0,11.0,0,133,0 0 0 0 0 132 -87,0.0 0.0 0.0 0.0 0.0 1.0 1.0,11.0,0,133,0 0 0 0 0 132 -87,0.0 0.0 0.0 0.0 0.0 1.0 1.0,11.0,0,133,0 0 0 0 0 132 -87,0.0 0.0 0.0 0.0 0.0 1.0 1.0,11.0,0,133,0 0 0 0 0 132 -87,0.0 0.0 0.0 0.0 0.0 1.0 1.0,11.0,0,133,0 0 0 0 0 132 -87,0.0 0.0 0.0 0.0 0.0 1.0 1.0,11.0,0,133,0 0 0 0 0 132 -87,0.0 0.0 0.0 0.0 0.0 1.0 1.0,11.0,0,133,0 0 0 0 0 132 -87,0.0 0.0 0.0 0.0 0.0 1.0 1.0,11.0,0,133,0 0 0 0 0 132 -87,0.0 0.0 0.0 0.0 0.0 1.0 1.0,11.0,0,133,0 0 0 0 0 132 -87,0.0 0.0 0.0 0.0 0.0 1.0 1.0,11.0,0,133,0 0 0 0 0 132 -87,0.0 0.0 0.0 0.0 0.0 1.0 1.0,11.0,0,133,0 0 0 0 0 132 -87,0.0 0.0 0.0 0.0 0.0 1.0 1.0,11.0,0,133,0 0 0 0 0 132 -87,0.0 0.0 0.0 0.0 0.0 1.0 1.0,11.0,0,133,0 0 0 0 0 132 -87,0.0 0.0 0.0 0.0 0.0 1.0 1.0,11.0,0,133,0 0 0 0 0 132 -87,0.0 0.0 0.0 0.0 0.0 1.0 1.0,11.0,0,133,0 0 0 0 0 132 -87,0.0 0.0 0.0 0.0 0.0 1.0 1.0,11.0,0,133
resolved-c28d-3600-1st/nsp-n40-d28-r0.10-rp2-fp2-s3,0 0 2 584 3 846 -78,0.0 0.0 0.003424657534246575 0.07532299741602067 0.030927835051546393 0.1601423487544484 0.35443037974683544,114.61821013093238,0,4856,0 0 584 7741 3 3442 -88,0.0 0.0 1.0 1.0 0.030927835051546393 1.0 0.2911392405063291,11013.383922745661,0,1947,0 0 0 1 0 351 -134,0.0 0.0 0.0 0.0 0.0 0.0 0.0,0.0,0,16505,0 0 8 245 21 1614 -24,0.0 0.0 0.0136986301369863 0.03152454780361757 0.21649484536082475 0.40860562924619864 0.6962025316455697,194.94259253367062,0,17763,0 0 9 292 45 1709 -9,0.0 0.0 0.015410958904109588 0.037596899224806204 0.4639175257731959 0.43934001941119377 0.7911392405063291,243.28278027783995,0,17714,0 0 34 343 71 2485 -24,0.0 0.0 0.05821917808219178 0.044186046511627906 0.7319587628865979 0.6903914590747331 0.6962025316455697,707.1738207445983,0,17261,0 0 2 175 25 1086 16,0.0 0.0 0.003424657534246575 0.02248062015503876 0.25773195876288657 0.23778712390812035 0.9493670886075949,85.82762970148197,0,17920,0 0 64 579 97 2299 -41,0.0 0.0 0.1095890410958904 0.07467700258397933 1.0 0.6302167583306373 0.5886075949367089,1277.4581887211266,0,16104,0 0 8 273 42 1704 1,0.0 0.0 0.0136986301369863 0.0351421188630491 0.4329896907216495 0.4377224199288256 0.8544303797468354,220.65904388411215,0,17754,0 0 0 132 15 1092 6,0.0 0.0 0.0 0.016925064599483203 0.15463917525773196 0.23972824328696216 0.8860759493670886,35.67234050749311,0,18224,0 0 2 179 32 1132 8,0.0 0.0 0.003424657534246575 0.022997416020671835 0.32989690721649484 0.2526690391459075 0.8987341772151899,93.65910665346134,0,17875,0 0 15 335 42 1828 -15,0.0 0.0 0.025684931506849314 0.043152454780361754 0.4329896907216495 0.47783888709155614 0.7531645569620253,348.8322923488974,0,17689,0 0 0 133 13 1109 14,0.0 0.0 0.0 0.017054263565891473 0.13402061855670103 0.24522808152701392 0.9367088607594937,33.84531509759121,0,18218,0 0 4 255 25 1535 -11,0.0 0.0 0.00684931506849315 0.03281653746770026 0.25773195876288657 0.38304755742478164 0.7784810126582279,131.69184061582646,0,17804,0 0 0 114 5 1112 -12,0.0 0.0 0.0 0.014599483204134367 0.05154639175257732 0.2461986412164348 0.7721518987341772,22.988260690290623,0,18342,0 0 176 394 55 1958 24,0.0 0.0 0.3013698630136986 0.050775193798449615 0.5670103092783505 0.5198964736331284 1.0,3127.373819599602,0,14113,0 0 0 112 4 1103 13,0.0 0.0 0.0 0.01434108527131783 0.041237113402061855 0.2432869621481721 0.930379746835443,21.82804597984118,0,18359,0 0 0 162 17 1109 12,0.0 0.0 0.0 0.020801033591731265 0.17525773195876287 0.24522808152701392 0.9240506329113924,41.70313823578908,0,18141,0 0 8 272 42 1704 -2,0.0 0.0 0.0136986301369863 0.03501291989664083 0.4329896907216495 0.4377224199288256 0.8354430379746836,220.51085757593174,0,17757
resolved-c28d-3600-1st/nsp-n40-d28-r0.10-rp2-fp2-s0,0 0 10 52 0 469 -89,0.0 0.0 1.0 0.6144578313253012 0.0 0.2614942528735632 0.3235294117647059,10617.396303265801,0,4021,0 0 10 84 13 983 -43,0.0 0.0 1.0 1.0 1.0 1.0 1.0,11111.0,0,8898,0 0 0 1 0 287 -84,0.0 0.0 0.0 0.0 0.0 0.0 0.39705882352941174,0.39705882352941174,0,11612,0 0 0 1 0 307 -64,0.0 0.0 0.0 0.0 0.0 0.028735632183908046 0.6911764705882353,0.9785327924273157,0,8352,0 0 0 1 0 307 -64,0.0 0.0 0.0 0.0 0.0 0.028735632183908046 0.6911764705882353,0.9785327924273157,0,8352,0 0 0 1 0 307 -64,0.0 0.0 0.0 0.0 0.0 0.028735632183908046 0.6911764705882353,0.9785327924273157,0,8352,0 0 0 1 0 307 -64,0.0 0.0 0.0 0.0 0.0 0.028735632183908046 0.6911764705882353,0.9785327924273157,0,8352,0 0 0 1 0 307 -64,0.0 0.0 0.0 0.0 0.0 0.028735632183908046 0.6911764705882353,0.9785327924273157,0,8352,0 0 0 1 0 307 -64,0.0 0.0 0.0 0.0 0.0 0.028735632183908046 0.6911764705882353,0.9785327924273157,0,8352,0 0 0 1 0 303 -111,0.0 0.0 0.0 0.0 0.0 0.022988505747126436 0.0,0.22988505747126436,0,8361,0 0 0 1 0 307 -64,0.0 0.0 0.0 0.0 0.0 0.028735632183908046 0.6911764705882353,0.9785327924273157,0,8352,0 0 0 1 0 307 -64,0.0 0.0 0.0 0.0 0.0 0.028735632183908046 0.6911764705882353,0.9785327924273157,0,8352,0 0 0 1 0 303 -111,0.0 0.0 0.0 0.0 0.0 0.022988505747126436 0.0,0.22988505747126436,0,8361,0 0 0 1 0 303 -111,0.0 0.0 0.0 0.0 0.0 0.022988505747126436 0.0,0.22988505747126436,0,8361,0 0 0 1 0 307 -64,0.0 0.0 0.0 0.0 0.0 0.028735632183908046 0.6911764705882353,0.9785327924273157,0,8352,0 0 0 1 0 308 -79,0.0 0.0 0.0 0.0 0.0 0.03017241379310345 0.47058823529411764,0.7723123732251521,0,8351,0 0 0 1 0 303 -111,0.0 0.0 0.0 0.0 0.0 0.022988505747126436 0.0,0.22988505747126436,0,8361,0 0 0 1 0 303 -111,0.0 0.0 0.0 0.0 0.0 0.022988505747126436 0.0,0.22988505747126436,0,8361,0 0 0 1 0 307 -64,0.0 0.0 0.0 0.0 0.0 0.028735632183908046 0.6911764705882353,0.9785327924273157,0,8352
resolved-c28d-3600-1st/nsp-n40-d28-r0.10-rp2-fp2-s9,0 1 10 131 1 794 -82,0.0 0.0 0.00942507068803016 0.24007561436672967 0.012345679012345678 0.1211245401996847 0.30275229357798167,337.07488684384066,0,5077,0 2 7 192 5 812 -58,0.0 1.0 0.006597549481621112 0.3553875236294896 0.06172839506172839 0.1258539148712559 0.5229357798165137,100429.3173328804,0,7956,0 1 0 32 1 819 -40,0.0 0.0 0.0 0.052930056710775046 0.012345679012345678 0.12769311613242249 0.6880733944954128,56.12962916782925,0,42047,0 1 0 4 0 369 -100,0.0 0.0 0.0 0.0 0.0 0.009458749343142408 0.13761467889908258,0.23220217233050666,0,44900,0 1 0 4 0 333 -96,0.0 0.0 0.0 0.0 0.0 0.0 0.1743119266055046,0.1743119266055046,0,44954,0 1 0 4 0 333 -95,0.0 0.0 0.0 0.0 0.0 0.0 0.1834862385321101,0.1834862385321101,0,44953,0 1 0 4 0 333 -95,0.0 0.0 0.0 0.0 0.0 0.0 0.1834862385321101,0.1834862385321101,0,44953,0 1 0 4 0 333 -97,0.0 0.0 0.0 0.0 0.0 0.0 0.1651376146788991,0.1651376146788991,0,44955,0 1 0 22 1 977 -6,0.0 0.0 0.0 0.034026465028355386 0.012345679012345678 0.16920651602732528 1.0,37.95309808986321,0,44173,0 1 0 4 0 403 -115,0.0 0.0 0.0 0.0 0.0 0.01839201261166579 0.0,0.1839201261166579,0,44876,0 1 1061 533 81 4139 -12,0.0 0.0 1.0 1.0 1.0 1.0 0.944954128440367,11110.944954128441,0,41787,0 1 0 4 0 385 -109,0.0 0.0 0.0 0.0 0.0 0.013662637940094587 0.05504587155963303,0.1916722509605789,0,44883,0 1 0 4 0 333 -95,0.0 0.0 0.0 0.0 0.0 0.0 0.1834862385321101,0.1834862385321101,0,44953,0 1 0 4 0 333 -95,0.0 0.0 0.0 0.0 0.0 0.0 0.1834862385321101,0.1834862385321101,0,44953,0 1 0 4 0 333 -97,0.0 0.0 0.0 0.0 0.0 0.0 0.1651376146788991,0.1651376146788991,0,44955,0 1 0 4 0 369 -99,0.0 0.0 0.0 0.0 0.0 0.009458749343142408 0.14678899082568808,0.24137648425711217,0,44899,0 1 0 4 0 333 -96,0.0 0.0 0.0 0.0 0.0 0.0 0.1743119266055046,0.1743119266055046,0,44954,0 1 0 4 0 333 -96,0.0 0.0 0.0 0.0 0.0 0.0 0.1743119266055046,0.1743119266055046,0,44954,0 1 0 4 0 369 -100,0.0 0.0 0.0 0.0 0.0 0.009458749343142408 0.13761467889908258,0.23220217233050666,0,44900
resolved-c28d-3600-1st/nsp-n40-d28-r0.10-rp2-fp2-s2,1 22 391 279 51 2104 -35,0.25 0.0 0.0 0.0 0.0 0.9375 0.0,250009.375,0,26027,2 136 816 449 99 2130 -15,0.5 0.2620689655172414 0.6865912762520194 0.2755267423014587 0.5454545454545454 1.0 0.22988505747126436,533413.1113961487,0,17137,0 307 1010 784 117 2080 -4,0.0 0.6551724137931034 1.0 0.8184764991896273 0.75 0.8798076923076923 0.3563218390804598,76419.87227726213,0,9107,4 457 682 896 133 1735 51,1.0 1.0 0.4701130856219709 1.0 0.9318181818181818 0.05048076923076923 0.9885057471264368,1105795.805987841,0,29068,4 452 665 885 136 1716 51,1.0 0.9885057471264368 0.44264943457189015 0.9821717990275527 0.9659090909090909 0.004807692307692308 0.9885057471264368,1104356.8683491512,0,29434,4 457 682 896 133 1735 52,1.0 1.0 0.4701130856219709 1.0 0.9318181818181818 0.05048076923076923 1.0,1105795.8174820938,0,29067,4 457 682 896 133 1735 52,1.0 1.0 0.4701130856219709 1.0 0.9318181818181818 0.05048076923076923 1.0,1105795.8174820938,0,29067,4 452 665 885 136 1714 51,1.0 0.9885057471264368 0.44264943457189015 0.9821717990275527 0.9659090909090909 0.0 0.9885057471264368,1104356.8202722282,0,29435,4 457 682 896 133 1735 51,1.0 1.0 0.4701130856219709 1.0 0.9318181818181818 0.05048076923076923 0.9885057471264368,1105795.805987841,0,29068,4 457 682 896 133 1735 52,1.0 1.0 0.4701130856219709 1.0 0.9318181818181818 0.05048076923076923 1.0,1105795.8174820938,0,29067,4 452 665 885 136 1714 51,1.0 0.9885057471264368 0.44264943457189015 0.9821717990275527 0.9659090909090909 0.0 0.9885057471264368,1104356.8202722282,0,29435,4 457 682 896 133 1735 52,1.0 1.0 0.4701130856219709 1.0 0.9318181818181818 0.05048076923076923 1.0,1105795.8174820938,0,29067,4 456 672 889 139 1763 49,1.0 0.9977011494252873 0.45395799676898224 0.9886547811993517 1.0 0.11778846153846154 0.9655172413793104,1105400.4930932748,0,29250,4 452 665 885 136 1716 51,1.0 0.9885057471264368 0.44264943457189015 0.9821717990275527 0.9659090909090909 0.004807692307692308 0.9885057471264368,1104356.8683491512,0,29434,4 453 671 883 139 1748 47,1.0 0.9908045977011494 0.45234248788368336 0.9789303079416531 1.0 0.08173076923076923 0.9425287356321839,1104684.5747933213,0,29364,4 457 682 896 133 1735 52,1.0 1.0 0.4701130856219709 1.0 0.9318181818181818 0.05048076923076923 1.0,1105795.8174820938,0,29067,4 457 682 896 133 1735 52,1.0 1.0 0.4701130856219709 1.0 0.9318181818181818 0.05048076923076923 1.0,1105795.8174820938,0,29067,4 452 665 885 136 1716 51,1.0 0.9885057471264368 0.44264943457189015 0.9821717990275527 0.9659090909090909 0.004807692307692308 0.9885057471264368,1104356.8683491512,0,29434,4 457 682 896 133 1735 51,1.0 1.0 0.4701130856219709 1.0 0.9318181818181818 0.05048076923076923 0.9885057471264368,1105795.805987841,0,29068
resolved-c28d-3600-1st/nsp-n50-d28-r0.10-rp2-fp2-s3,0 2 131 2569 13 1821 -137,0.0 0.0 0.0 1.0 0.0 0.0 0.0,1000.0,0,5287,0 2 2941 991 299 10176 -38,0.0 0.0 0.9289256198347108 0.10289937464468447 0.5708582834331337 1.0 0.6513157894736842,9459.89271712458,0,32666,0 2 3039 1229 439 9916 -15,0.0 0.0 0.9613223140495868 0.2382035247299602 0.8502994011976048 0.9688809096349491 0.8026315789473685,9946.948046020885,0,30696,0 2 2707 892 277 9242 -4,0.0 0.0 0.8515702479338843 0.046617396247868106 0.5269461077844312 0.8882106523040095 0.875,8624.771592888193,0,37833,0 2 2925 987 316 9325 15,0.0 0.0 0.9236363636363636 0.10062535531552018 0.6047904191616766 0.8981448234590066 1.0,9407.449481829914,0,35841,0 2 3152 1032 359 9664 8,0.0 0.0 0.9986776859504132 0.12620807276861853 0.6906187624750499 0.938719329742669 0.9539473684210527,10192.387949186104,0,31152,0 2 2963 994 321 9306 5,0.0 0.0 0.936198347107438 0.1046048891415577 0.6147704590818364 0.895870736086176 0.9342105263157895,9537.958324011299,0,35559,0 2 2715 908 284 9277 8,0.0 0.0 0.8542148760330579 0.0557134735645253 0.5409181636726547 0.8923997606223818 0.9539473684210527,8661.831995237015,0,37653,0 2 3010 1031 334 9382 5,0.0 0.0 0.9517355371900826 0.12563956793632747 0.6407185628742516 0.9049670855774985 0.9342105263157895,9717.05067750667,0,34222,0 2 2399 874 421 8630 9,0.0 0.0 0.7497520661157024 0.036384309266628764 0.8143712574850299 0.8149611011370437 0.9605263157894737,7624.452233499316,0,39685,0 2 2515 810 500 8566 6,0.0 0.0 0.7880991735537191 0.0 0.9720558882235529 0.8073010173548774 0.9407894736842105,7987.211124006779,0,39007,0 2 2309 872 383 8449 -20,0.0 0.0 0.72 0.03524729960204662 0.7385229540918163 0.7932974266906044 0.7697368421052632,7317.802306120239,0,40344,0 2 2404 877 422 8634 14,0.0 0.0 0.751404958677686 0.03808982376350199 0.8163672654690619 0.8154398563734291 0.993421052631579,7642.923956703634,0,39649,0 2 2399 873 421 8621 11,0.0 0.0 0.7497520661157024 0.03581580443433769 0.8143712574850299 0.8138839018551766 0.9736842105263158,7623.886114568943,0,39702,0 2 3156 1046 381 9634 1,0.0 0.0 1.0 0.13416714042069358 0.7345309381237525 0.9351286654697786 0.9078947368421053,10217.87941562461,0,30846,0 2 2272 880 356 8229 -22,0.0 0.0 0.7077685950413223 0.039795338260375214 0.6846307385229541 0.7669658886894075 0.756578947368421,7194.370600360156,0,40547,0 2 2395 871 421 8615 -4,0.0 0.0 0.7484297520661157 0.03467879476975554 0.8143712574850299 0.8131657690005984 0.875,7609.420098869422,0,39814,0 2 2427 822 514 8625 -4,0.0 0.0 0.7590082644628099 0.006822057987492893 1.0 0.814362657091562 0.875,7705.9233291865075,0,39096,0 2 2707 847 254 9114 6,0.0 0.0 0.8515702479338843 0.021034678794769755 0.4810379241516966 0.8728904847396768 0.9407894736842105,8594.510644869863,0,37879
resolved-c28d-3600-1st/nsp-n30-d28-r0.10-rp2-fp2-s2,0 0 0 0 0 94 -154,0.0 0.0 0.0 0.0 0.0 0.08928571428571429 0.1794871794871795,1.0723443223443223,0,552,0 0 0 0 0 93 -168,0.0 0.0 0.0 0.0 0.0 0.07142857142857142 0.0,0.7142857142857142,0,439,0 0 0 0 0 89 -166,0.0 0.0 0.0 0.0 0.0 0.0 0.02564102564102564,0.02564102564102564,0,370,0 0 0 0 0 145 -90,0.0 0.0 0.0 0.0 0.0 1.0 1.0,11.0,0,147,0 0 0 0 0 145 -90,0.0 0.0 0.0 0.0 0.0 1.0 1.0,11.0,0,147,0 0 0 0 0 145 -90,0.0 0.0 0.0 0.0 0.0 1.0 1.0,11.0,0,147,0 0 0 0 0 145 -90,0.0 0.0 0.0 0.0 0.0 1.0 1.0,11.0,0,147,0 0 0 0 0 145 -90,0.0 0.0 0.0 0.0 0.0 1.0 1.0,11.0,0,147,0 0 0 0 0 145 -90,0.0 0.0 0.0 0.0 0.0 1.0 1.0,11.0,0,147,0 0 0 0 0 145 -90,0.0 0.0 0.0 0.0 0.0 1.0 1.0,11.0,0,147,0 0 0 0 0 145 -90,0.0 0.0 0.0 0.0 0.0 1.0 1.0,11.0,0,147,0 0 0 0 0 145 -90,0.0 0.0 0.0 0.0 0.0 1.0 1.0,11.0,0,147,0 0 0 0 0 145 -90,0.0 0.0 0.0 0.0 0.0 1.0 1.0,11.0,0,147,0 0 0 0 0 145 -90,0.0 0.0 0.0 0.0 0.0 1.0 1.0,11.0,0,147,0 0 0 0 0 145 -90,0.0 0.0 0.0 0.0 0.0 1.0 1.0,11.0,0,147,0 0 0 0 0 145 -90,0.0 0.0 0.0 0.0 0.0 1.0 1.0,11.0,0,147,0 0 0 0 0 145 -90,0.0 0.0 0.0 0.0 0.0 1.0 1.0,11.0,0,147,0 0 0 0 0 145 -90,0.0 0.0 0.0 0.0 0.0 1.0 1.0,11.0,0,147,0 0 0 0 0 145 -90,0.0 0.0 0.0 0.0 0.0 1.0 1.0,11.0,0,147
resolved-c28d-3600-1st/nsp-n10-d28-r0.10-rp0-fp0-s2,0 0 0 0 0 69 -45,0.0 0.0 0.0 0.0 0.0 0.0 0.04,0.04,0,291,0 0 0 0 0 69 -46,0.0 0.0 0.0 0.0 0.0 0.0 0.0,0.0,0,291,0 0 0 0 0 70 -44,0.0 0.0 0.0 0.0 0.0 0.1 0.08,1.08,0,286,0 0 0 0 0 79 -22,0.0 0.0 0.0 0.0 0.0 1.0 0.96,10.96,0,168,0 0 0 0 0 79 -21,0.0 0.0 0.0 0.0 0.0 1.0 1.0,11.0,0,167,0 0 0 0 0 79 -21,0.0 0.0 0.0 0.0 0.0 1.0 1.0,11.0,0,167,0 0 0 0 0 79 -22,0.0 0.0 0.0 0.0 0.0 1.0 0.96,10.96,0,168,0 0 0 0 0 79 -21,0.0 0.0 0.0 0.0 0.0 1.0 1.0,11.0,0,167,0 0 0 0 0 79 -22,0.0 0.0 0.0 0.0 0.0 1.0 0.96,10.96,0,168,0 0 0 0 0 79 -22,0.0 0.0 0.0 0.0 0.0 1.0 0.96,10.96,0,168,0 0 0 0 0 79 -22,0.0 0.0 0.0 0.0 0.0 1.0 0.96,10.96,0,168,0 0 0 0 0 79 -21,0.0 0.0 0.0 0.0 0.0 1.0 1.0,11.0,0,167,0 0 0 0 0 79 -21,0.0 0.0 0.0 0.0 0.0 1.0 1.0,11.0,0,167,0 0 0 0 0 79 -21,0.0 0.0 0.0 0.0 0.0 1.0 1.0,11.0,0,167,0 0 0 0 0 79 -21,0.0 0.0 0.0 0.0 0.0 1.0 1.0,11.0,0,167,0 0 0 0 0 79 -21,0.0 0.0 0.0 0.0 0.0 1.0 1.0,11.0,0,167,0 0 0 0 0 79 -21,0.0 0.0 0.0 0.0 0.0 1.0 1.0,11.0,0,167,0 0 0 0 0 79 -21,0.0 0.0 0.0 0.0 0.0 1.0 1.0,11.0,0,167,0 0 0 0 0 79 -21,0.0 0.0 0.0 0.0 0.0 1.0 1.0,11.0,0,167
resolved-c28d-3600-1st/nsp-n10-d28-r0.10-rp0-fp0-s3,0 0 0 0 0 70 -34,0.0 0.0 0.0 0.0 0.0 0.0 0.7142857142857143,0.7142857142857143,0,262,0 0 0 0 0 75 -37,0.0 0.0 0.0 0.0 0.0 0.25 0.2857142857142857,2.7857142857142856,0,203,0 0 0 0 0 70 -39,0.0 0.0 0.0 0.0 0.0 0.0 0.0,0.0,0,198,0 0 0 0 0 89 -33,0.0 0.0 0.0 0.0 0.0 0.95 0.8571428571428571,10.357142857142858,0,198,0 0 0 0 0 89 -33,0.0 0.0 0.0 0.0 0.0 0.95 0.8571428571428571,10.357142857142858,0,198,0 0 0 0 0 90 -33,0.0 0.0 0.0 0.0 0.0 1.0 0.8571428571428571,10.857142857142858,0,196,0 0 0 0 0 89 -33,0.0 0.0 0.0 0.0 0.0 0.95 0.8571428571428571,10.357142857142858,0,198,0 0 0 0 0 90 -33,0.0 0.0 0.0 0.0 0.0 1.0 0.8571428571428571,10.857142857142858,0,196,0 0 0 0 0 90 -33,0.0 0.0 0.0 0.0 0.0 1.0 0.8571428571428571,10.857142857142858,0,196,0 0 0 0 0 89 -32,0.0 0.0 0.0 0.0 0.0 0.95 1.0,10.5,0,197,0 0 0 0 0 89 -33,0.0 0.0 0.0 0.0 0.0 0.95 0.8571428571428571,10.357142857142858,0,198,0 0 0 0 0 89 -33,0.0 0.0 0.0 0.0 0.0 0.95 0.8571428571428571,10.357142857142858,0,198,0 0 0 0 0 89 -33,0.0 0.0 0.0 0.0 0.0 0.95 0.8571428571428571,10.357142857142858,0,198,0 0 0 0 0 89 -32,0.0 0.0 0.0 0.0 0.0 0.95 1.0,10.5,0,197,0 0 0 0 0 89 -32,0.0 0.0 0.0 0.0 0.0 0.95 1.0,10.5,0,197,0 0 0 0 0 89 -33,0.0 0.0 0.0 0.0 0.0 0.95 0.8571428571428571,10.357142857142858,0,198,0 0 0 0 0 89 -32,0.0 0.0 0.0 0.0 0.0 0.95 1.0,10.5,0,197,0 0 0 0 0 89 -33,0.0 0.0 0.0 0.0 0.0 0.95 0.8571428571428571,10.357142857142858,0,198,0 0 0 0 0 89 -32,0.0 0.0 0.0 0.0 0.0 0.95 1.0,10.5,0,197
resolved-c28d-3600-1st/nsp-n20-d28-r0.10-rp2-fp2-s6,0 0 2 7 0 63 -102,0.0 0.0 0.0 1.0 0.0 0.04 0.05555555555555555,1000.4555555555555,0,31362,0 0 2 6 0 62 -106,0.0 0.0 0.0 0.0 0.0 0.0 0.0,0.0,0,31647,0 0 2 6 0 65 -68,0.0 0.0 0.0 0.0 0.0 0.12 0.5277777777777778,1.7277777777777779,0,31663,0 0 2 6 0 81 -57,0.0 0.0 0.0 0.0 0.0 0.76 0.6805555555555556,8.280555555555555,0,24737,0 0 2 6 0 81 -57,0.0 0.0 0.0 0.0 0.0 0.76 0.6805555555555556,8.280555555555555,0,24737,0 0 2 6 0 81 -57,0.0 0.0 0.0 0.0 0.0 0.76 0.6805555555555556,8.280555555555555,0,24737,0 0 2 6 0 87 -34,0.0 0.0 0.0 0.0 0.0 1.0 1.0,11.0,0,24729,0 0 2 6 0 81 -60,0.0 0.0 0.0 0.0 0.0 0.76 0.6388888888888888,8.238888888888889,0,24740,0 0 2 6 0 81 -57,0.0 0.0 0.0 0.0 0.0 0.76 0.6805555555555556,8.280555555555555,0,24737,0 0 2 6 0 81 -60,0.0 0.0 0.0 0.0 0.0 0.76 0.6388888888888888,8.238888888888889,0,24740,0 0 2 6 0 81 -60,0.0 0.0 0.0 0.0 0.0 0.76 0.6388888888888888,8.238888888888889,0,24740,0 0 2 6 0 81 -58,0.0 0.0 0.0 0.0 0.0 0.76 0.6666666666666666,8.266666666666666,0,24738,0 0 2 6 0 81 -60,0.0 0.0 0.0 0.0 0.0 0.76 0.6388888888888888,8.238888888888889,0,24740,0 0 2 6 0 81 -60,0.0 0.0 0.0 0.0 0.0 0.76 0.6388888888888888,8.238888888888889,0,24740,0 0 2 6 0 81 -57,0.0 0.0 0.0 0.0 0.0 0.76 0.6805555555555556,8.280555555555555,0,24737,0 0 2 6 0 81 -58,0.0 0.0 0.0 0.0 0.0 0.76 0.6666666666666666,8.266666666666666,0,24738,0 0 2 6 0 81 -60,0.0 0.0 0.0 0.0 0.0 0.76 0.6388888888888888,8.238888888888889,0,24740,0 0 2 6 0 81 -60,0.0 0.0 0.0 0.0 0.0 0.76 0.6388888888888888,8.238888888888889,0,24740,0 0 2 6 0 81 -58,0.0 0.0 0.0 0.0 0.0 0.76 0.6666666666666666,8.266666666666666,0,24738
resolved-c28d-3600-1st/nsp-n30-d28-r0.10-rp2-fp2-s8,0 0 4 3 0 245 -90,0.0 0.0 1.0 1.0 0.0 1.0 0.9545454545454546,11010.954545454546,0,20484,0 0 2 2 0 168 -106,0.0 0.0 0.0 0.0 0.0 0.125 0.7121212121212122,1.9621212121212122,0,24671,0 0 2 2 0 177 -87,0.0 0.0 0.0 0.0 0.0 0.22727272727272727 1.0,3.2727272727272725,0,24638,0 0 2 2 0 157 -106,0.0 0.0 0.0 0.0 0.0 0.0 0.7121212121212122,0.7121212121212122,0,20213,0 0 2 2 0 157 -106,0.0 0.0 0.0 0.0 0.0 0.0 0.7121212121212122,0.7121212121212122,0,20213,0 0 2 2 0 157 -106,0.0 0.0 0.0 0.0 0.0 0.0 0.7121212121212122,0.7121212121212122,0,20213,0 0 2 2 0 157 -106,0.0 0.0 0.0 0.0 0.0 0.0 0.7121212121212122,0.7121212121212122,0,20213,0 0 2 2 0 157 -106,0.0 0.0 0.0 0.0 0.0 0.0 0.7121212121212122,0.7121212121212122,0,20213,0 0 2 2 0 157 -106,0.0 0.0 0.0 0.0 0.0 0.0 0.7121212121212122,0.7121212121212122,0,20213,0 0 2 2 0 157 -106,0.0 0.0 0.0 0.0 0.0 0.0 0.7121212121212122,0.7121212121212122,0,20213,0 0 2 2 0 169 -153,0.0 0.0 0.0 0.0 0.0 0.13636363636363635 0.0,1.3636363636363635,0,20203,0 0 2 2 0 178 -94,0.0 0.0 0.0 0.0 0.0 0.23863636363636365 0.8939393939393939,3.2803030303030307,0,20177,0 0 2 2 0 157 -106,0.0 0.0 0.0 0.0 0.0 0.0 0.7121212121212122,0.7121212121212122,0,20213,0 0 2 2 0 157 -106,0.0 0.0 0.0 0.0 0.0 0.0 0.7121212121212122,0.7121212121212122,0,20213,0 0 2 2 0 157 -106,0.0 0.0 0.0 0.0 0.0 0.0 0.7121212121212122,0.7121212121212122,0,20213,0 0 2 2 0 157 -106,0.0 0.0 0.0 0.0 0.0 0.0 0.7121212121212122,0.7121212121212122,0,20213,0 0 2 2 0 169 -153,0.0 0.0 0.0 0.0 0.0 0.13636363636363635 0.0,1.3636363636363635,0,20203,0 0 2 2 0 157 -106,0.0 0.0 0.0 0.0 0.0 0.0 0.7121212121212122,0.7121212121212122,0,20213,0 0 2 2 0 169 -153,0.0 0.0 0.0 0.0 0.0 0.13636363636363635 0.0,1.3636363636363635,0,20203
resolved-c28d-3600-1st/nsp-n20-d28-r0.10-rp2-fp2-s9,0 0 0 0 0 57 -84,0.0 0.0 0.0 0.0 0.0 0.25 0.12244897959183673,2.622448979591837,0,302,0 0 0 0 0 51 -82,0.0 0.0 0.0 0.0 0.0 0.0 0.16326530612244897,0.16326530612244897,0,294,0 0 0 0 0 51 -90,0.0 0.0 0.0 0.0 0.0 0.0 0.0,0.0,0,295,0 0 0 0 0 75 -41,0.0 0.0 0.0 0.0 0.0 1.0 1.0,11.0,0,100,0 0 0 0 0 75 -41,0.0 0.0 0.0 0.0 0.0 1.0 1.0,11.0,0,100,0 0 0 0 0 75 -41,0.0 0.0 0.0 0.0 0.0 1.0 1.0,11.0,0,100,0 0 0 0 0 75 -41,0.0 0.0 0.0 0.0 0.0 1.0 1.0,11.0,0,100,0 0 0 0 0 75 -41,0.0 0.0 0.0 0.0 0.0 1.0 1.0,11.0,0,100,0 0 0 0 0 75 -41,0.0 0.0 0.0 0.0 0.0 1.0 1.0,11.0,0,100,0 0 0 0 0 75 -41,0.0 0.0 0.0 0.0 0.0 1.0 1.0,11.0,0,100,0 0 0 0 0 75 -41,0.0 0.0 0.0 0.0 0.0 1.0 1.0,11.0,0,100,0 0 0 0 0 75 -41,0.0 0.0 0.0 0.0 0.0 1.0 1.0,11.0,0,100,0 0 0 0 0 75 -41,0.0 0.0 0.0 0.0 0.0 1.0 1.0,11.0,0,100,0 0 0 0 0 75 -41,0.0 0.0 0.0 0.0 0.0 1.0 1.0,11.0,0,100,0 0 0 0 0 75 -41,0.0 0.0 0.0 0.0 0.0 1.0 1.0,11.0,0,100,0 0 0 0 0 75 -41,0.0 0.0 0.0 0.0 0.0 1.0 1.0,11.0,0,100,0 0 0 0 0 75 -41,0.0 0.0 0.0 0.0 0.0 1.0 1.0,11.0,0,100,0 0 0 0 0 75 -41,0.0 0.0 0.0 0.0 0.0 1.0 1.0,11.0,0,100,0 0 0 0 0 75 -41,0.0 0.0 0.0 0.0 0.0 1.0 1.0,11.0,0,100
resolved-c28d-3600-1st/nsp-n50-d28-r0.10-rp2-fp2-s5,0 0 26 42 0 739 -101,0.0 0.0 1.0 1.0 0.0 1.0 1.0,11011.0,0,4354,0 0 2 0 0 262 -190,0.0 0.0 0.0 0.0 0.0 0.0 0.0,0.0,0,7641,0 0 2 0 0 386 -147,0.0 0.0 0.0 0.0 0.0 0.259958071278826 0.48314606741573035,3.0827267802039904,0,7351,0 0 2 0 0 450 -148,0.0 0.0 0.0 0.0 0.0 0.3941299790356394 0.47191011235955055,4.413209902715945,0,12397,0 0 2 0 0 450 -148,0.0 0.0 0.0 0.0 0.0 0.3941299790356394 0.47191011235955055,4.413209902715945,0,12397,0 0 2 0 0 450 -148,0.0 0.0 0.0 0.0 0.0 0.3941299790356394 0.47191011235955055,4.413209902715945,0,12397,0 0 2 0 0 450 -148,0.0 0.0 0.0 0.0 0.0 0.3941299790356394 0.47191011235955055,4.413209902715945,0,12397,0 0 2 0 0 450 -148,0.0 0.0 0.0 0.0 0.0 0.3941299790356394 0.47191011235955055,4.413209902715945,0,12397,0 0 2 0 0 450 -148,0.0 0.0 0.0 0.0 0.0 0.3941299790356394 0.47191011235955055,4.413209902715945,0,12397,0 0 2 0 0 450 -148,0.0 0.0 0.0 0.0 0.0 0.3941299790356394 0.47191011235955055,4.413209902715945,0,12397,0 0 2 0 0 450 -148,0.0 0.0 0.0 0.0 0.0 0.3941299790356394 0.47191011235955055,4.413209902715945,0,12397,0 0 2 0 0 450 -148,0.0 0.0 0.0 0.0 0.0 0.3941299790356394 0.47191011235955055,4.413209902715945,0,12397,0 0 2 0 0 450 -148,0.0 0.0 0.0 0.0 0.0 0.3941299790356394 0.47191011235955055,4.413209902715945,0,12397,0 0 2 0 0 450 -148,0.0 0.0 0.0 0.0 0.0 0.3941299790356394 0.47191011235955055,4.413209902715945,0,12397,0 0 2 0 0 450 -148,0.0 0.0 0.0 0.0 0.0 0.3941299790356394 0.47191011235955055,4.413209902715945,0,12397,0 0 2 0 0 450 -148,0.0 0.0 0.0 0.0 0.0 0.3941299790356394 0.47191011235955055,4.413209902715945,0,12397,0 0 2 0 0 450 -148,0.0 0.0 0.0 0.0 0.0 0.3941299790356394 0.47191011235955055,4.413209902715945,0,12397,0 0 2 0 0 450 -148,0.0 0.0 0.0 0.0 0.0 0.3941299790356394 0.47191011235955055,4.413209902715945,0,12397,0 0 2 0 0 450 -148,0.0 0.0 0.0 0.0 0.0 0.3941299790356394 0.47191011235955055,4.413209902715945,0,12397
resolved-c28d-3600-1st/nsp-n50-d28-r0.10-rp2-fp2-s2,0 3 62 1762 6 1548 -61,0.0 0.0 1.0 1.0 0.17647058823529413 0.8428165007112376 0.22929936305732485,11026.3045231937,0,5557,0 3 3 0 0 363 -80,0.0 0.0 0.0 0.0 0.0 0.0 0.10828025477707007,0.10828025477707007,0,22190,0 3 3 0 0 402 -55,0.0 0.0 0.0 0.0 0.0 0.027738264580369845 0.267515923566879,0.5448985693705775,0,22256,0 3 3 0 0 523 -86,0.0 0.0 0.0 0.0 0.0 0.11379800853485064 0.07006369426751592,1.2080437796160224,0,24778,0 3 3 0 0 518 -79,0.0 0.0 0.0 0.0 0.0 0.11024182076813656 0.11464968152866242,1.217067889210028,0,24781,0 3 13 265 34 1769 60,0.0 0.0 0.1694915254237288 0.1503972758229285 1.0 1.0 1.0,1956.3125300602167,0,20259,0 3 3 0 0 518 -78,0.0 0.0 0.0 0.0 0.0 0.11024182076813656 0.12101910828025478,1.2234373159616203,0,24780,0 3 3 0 0 523 -85,0.0 0.0 0.0 0.0 0.0 0.11379800853485064 0.07643312101910828,1.2144132063676147,0,24777,0 3 3 0 0 523 -86,0.0 0.0 0.0 0.0 0.0 0.11379800853485064 0.07006369426751592,1.2080437796160224,0,24778,0 3 3 0 0 518 -80,0.0 0.0 0.0 0.0 0.0 0.11024182076813656 0.10828025477707007,1.2106984624584356,0,24782,0 3 3 0 0 518 -79,0.0 0.0 0.0 0.0 0.0 0.11024182076813656 0.11464968152866242,1.217067889210028,0,24781,0 3 3 0 0 518 -80,0.0 0.0 0.0 0.0 0.0 0.11024182076813656 0.10828025477707007,1.2106984624584356,0,24782,0 3 3 0 0 516 -55,0.0 0.0 0.0 0.0 0.0 0.10881934566145092 0.267515923566879,1.3557093801813882,0,24784,0 3 3 0 0 518 -80,0.0 0.0 0.0 0.0 0.0 0.11024182076813656 0.10828025477707007,1.2106984624584356,0,24782,0 3 3 0 0 518 -80,0.0 0.0 0.0 0.0 0.0 0.11024182076813656 0.10828025477707007,1.2106984624584356,0,24782,0 3 3 0 0 512 -97,0.0 0.0 0.0 0.0 0.0 0.10597439544807966 0.0,1.0597439544807965,0,24815,0 3 3 0 0 523 -86,0.0 0.0 0.0 0.0 0.0 0.11379800853485064 0.07006369426751592,1.2080437796160224,0,24778,0 3 3 0 0 512 -96,0.0 0.0 0.0 0.0 0.0 0.10597439544807966 0.006369426751592357,1.0661133812323889,0,24814,0 3 3 0 0 518 -80,0.0 0.0 0.0 0.0 0.0 0.11024182076813656 0.10828025477707007,1.2106984624584356,0,24782
resolved-c28d-3600-1st/nsp-n20-d28-r0.10-rp2-fp2-s8,0 10 9 5 0 207 10,0.0 1.0 0.0 0.0 0.0 0.0 0.0,100000.0,0,38386,0 1 124 179 69 1524 42,0.0 0.0 0.4136690647482014 0.6770428015564203 0.5702479338842975 0.9145833333333333 0.7804878048780488,4880.684563565076,0,60539,0 1 166 192 68 1614 38,0.0 0.0 0.564748201438849 0.7276264591439688 0.5619834710743802 0.9770833333333333 0.6829268292682927,6441.760580802498,0,58271,0 1 141 183 56 1409 49,0.0 0.0 0.4748201438848921 0.6926070038910506 0.4628099173553719 0.8347222222222223 0.9512195121951219,5496.387876209926,0,53208,0 1 165 199 59 1463 45,0.0 0.0 0.5611510791366906 0.754863813229572 0.48760330578512395 0.8722222222222222 0.8536585365853658,6424.710815933799,0,51913,0 1 118 123 41 1362 45,0.0 0.0 0.3920863309352518 0.4591439688715953 0.33884297520661155 0.8020833333333334 0.8536585365853658,4422.766067614693,0,54738,0 1 146 187 62 1405 49,0.0 0.0 0.49280575539568344 0.708171206225681 0.512396694214876 0.8319444444444445 0.9512195121951219,5696.739093560643,0,52689,0 1 171 223 68 1517 50,0.0 0.0 0.5827338129496403 0.8482490272373541 0.5619834710743802 0.9097222222222222 0.975609756097561,6741.858335819515,0,51655,0 1 126 146 46 1380 46,0.0 0.0 0.420863309352518 0.5486381322957199 0.38016528925619836 0.8145833333333333 0.8780487804878049,4804.3116368603405,0,54457,0 1 160 198 60 1429 51,0.0 0.0 0.5431654676258992 0.7509727626459144 0.49586776859504134 0.8486111111111111 1.0,6241.700326875522,0,52221,0 1 157 203 64 1449 48,0.0 0.0 0.5323741007194245 0.7704280155642024 0.5289256198347108 0.8625 0.926829268292683,6156.613414010211,0,52427,0 3 287 262 119 1639 29,0.0 0.2222222222222222 1.0 1.0 0.9834710743801653 0.9944444444444445 0.4634146341463415,33330.97718873883,0,46677,0 1 187 214 88 1493 33,0.0 0.0 0.6402877697841727 0.8132295719844358 0.7272727272727273 0.8930555555555556 0.5609756097560976,7298.326073718747,0,50980,0 1 248 223 96 1579 49,0.0 0.0 0.8597122302158273 0.8482490272373541 0.7933884297520661 0.9527777777777777 0.9512195121951219,9535.189169660807,0,48972,0 1 116 170 63 1407 39,0.0 0.0 0.38489208633093525 0.642023346303502 0.5206611570247934 0.8333333333333334 0.7073170731707317,4552.050975721838,0,54894,0 2 280 253 121 1647 34,0.0 0.1111111111111111 0.9748201438848921 0.9649805447470817 1.0 1.0 0.5853658536585366,21934.878460560773,0,47126,0 1 162 213 58 1445 49,0.0 0.0 0.5503597122302158 0.8093385214007782 0.4793388429752066 0.8597222222222223 0.9512195121951219,6370.417969734875,0,52052,0 1 146 189 65 1416 49,0.0 0.0 0.49280575539568344 0.7159533073929961 0.5371900826446281 0.8395833333333333 0.9512195121951219,5707.076922459822,0,52623,0 1 201 232 80 1487 33,0.0 0.0 0.6906474820143885 0.8832684824902723 0.6611570247933884 0.8888888888888888 0.5609756097560976,7865.308869612141,0,50586
resolved-c28d-3600-1st/nsp-n40-d28-r0.10-rp2-fp2-s7,0 1 0 0 0 282 -97,0.0 0.0 0.0 0.0 0.0 1.0 1.0,11.0,0,20217,0 1 0 1 0 180 -118,0.0 0.0 0.0 1.0 0.0 0.1968503937007874 0.16,1002.1285039370078,0,21213,0 1 0 0 0 155 -122,0.0 0.0 0.0 0.0 0.0 0.0 0.0,0.0,0,21183,0 1 0 0 0 254 -107,0.0 0.0 0.0 0.0 0.0 0.7795275590551181 0.6,8.395275590551181,0,18018,0 1 0 0 0 254 -107,0.0 0.0 0.0 0.0 0.0 0.7795275590551181 0.6,8.395275590551181,0,18018,0 1 0 0 0 254 -105,0.0 0.0 0.0 0.0 0.0 0.7795275590551181 0.68,8.475275590551181,0,18016,0 1 0 0 0 254 -107,0.0 0.0 0.0 0.0 0.0 0.7795275590551181 0.6,8.395275590551181,0,18018,0 1 0 0 0 254 -107,0.0 0.0 0.0 0.0 0.0 0.7795275590551181 0.6,8.395275590551181,0,18018,0 1 0 0 0 254 -107,0.0 0.0 0.0 0.0 0.0 0.7795275590551181 0.6,8.395275590551181,0,18018,0 1 0 0 0 254 -105,0.0 0.0 0.0 0.0 0.0 0.7795275590551181 0.68,8.475275590551181,0,18016,0 1 0 0 0 254 -105,0.0 0.0 0.0 0.0 0.0 0.7795275590551181 0.68,8.475275590551181,0,18016,0 1 0 0 0 254 -107,0.0 0.0 0.0 0.0 0.0 0.7795275590551181 0.6,8.395275590551181,0,18018,0 1 0 0 0 254 -106,0.0 0.0 0.0 0.0 0.0 0.7795275590551181 0.64,8.43527559055118,0,18017,0 1 0 0 0 254 -106,0.0 0.0 0.0 0.0 0.0 0.7795275590551181 0.64,8.43527559055118,0,18017,0 1 0 0 0 254 -106,0.0 0.0 0.0 0.0 0.0 0.7795275590551181 0.64,8.43527559055118,0,18017,0 1 0 0 0 254 -107,0.0 0.0 0.0 0.0 0.0 0.7795275590551181 0.6,8.395275590551181,0,18018,0 1 0 0 0 254 -106,0.0 0.0 0.0 0.0 0.0 0.7795275590551181 0.64,8.43527559055118,0,18017,0 1 0 0 0 254 -106,0.0 0.0 0.0 0.0 0.0 0.7795275590551181 0.64,8.43527559055118,0,18017,0 1 0 0 0 268 -103,0.0 0.0 0.0 0.0 0.0 0.889763779527559 0.76,9.65763779527559,0,18010
resolved-c28d-3600-1st/nsp-n50-d28-r0.10-rp2-fp2-s4,0 2 30 135 3 1113 -60,0.0 0.0 0.02067539627842867 0.00980819529206626 0.02586206896551724 0.1073208722741433 0.3125,220.53407369564613,0,5023,0 2 1451 13764 3 6645 -81,0.0 0.0 1.0 1.0 0.02586206896551724 0.9690031152647975 0.19318181818181818,11012.469419867382,0,2874,0 2 1340 657 116 6844 61,0.0 0.0 0.923501033769814 0.0477332170880558 1.0 1.0 1.0,9393.743554786195,0,34940,0 2 0 0 0 424 -104,0.0 0.0 0.0 0.0 0.0 0.0 0.0625,0.0625,0,22928,0 2 0 0 0 432 -115,0.0 0.0 0.0 0.0 0.0 0.0012461059190031153 0.0,0.012461059190031154,0,22905,0 2 0 0 0 432 -115,0.0 0.0 0.0 0.0 0.0 0.0012461059190031153 0.0,0.012461059190031154,0,22905,0 2 0 0 0 432 -115,0.0 0.0 0.0 0.0 0.0 0.0012461059190031153 0.0,0.012461059190031154,0,22905,0 2 0 0 0 432 -115,0.0 0.0 0.0 0.0 0.0 0.0012461059190031153 0.0,0.012461059190031154,0,22905,0 2 0 0 0 432 -115,0.0 0.0 0.0 0.0 0.0 0.0012461059190031153 0.0,0.012461059190031154,0,22905,0 2 0 0 0 432 -115,0.0 0.0 0.0 0.0 0.0 0.0012461059190031153 0.0,0.012461059190031154,0,22905,0 2 0 0 0 446 -93,0.0 0.0 0.0 0.0 0.0 0.003426791277258567 0.125,0.15926791277258567,0,22891,0 2 0 0 0 446 -93,0.0 0.0 0.0 0.0 0.0 0.003426791277258567 0.125,0.15926791277258567,0,22891,0 2 0 0 0 424 -106,0.0 0.0 0.0 0.0 0.0 0.0 0.05113636363636364,0.05113636363636364,0,22929,0 2 0 0 0 432 -115,0.0 0.0 0.0 0.0 0.0 0.0012461059190031153 0.0,0.012461059190031154,0,22905,0 2 0 0 0 432 -115,0.0 0.0 0.0 0.0 0.0 0.0012461059190031153 0.0,0.012461059190031154,0,22905,0 2 0 0 0 424 -83,0.0 0.0 0.0 0.0 0.0 0.0 0.18181818181818182,0.18181818181818182,0,22920,0 2 0 0 0 432 -115,0.0 0.0 0.0 0.0 0.0 0.0012461059190031153 0.0,0.012461059190031154,0,22905,0 2 0 0 0 446 -93,0.0 0.0 0.0 0.0 0.0 0.003426791277258567 0.125,0.15926791277258567,0,22891,0 2 0 0 0 433 -114,0.0 0.0 0.0 0.0 0.0 0.0014018691588785046 0.005681818181818182,0.019700509770603225,0,22904
resolved-c28d-3600-1st/nsp-n20-d28-r0.10-rp2-fp2-s1,0 1 1 0 0 68 -89,0.0 0.0 0.0 0.0 0.0 0.0 0.0,0.0,0,12992,0 26 183 229 70 1075 -2,0.0 1.0 1.0 1.0 1.0 0.723939611790079 0.6444444444444445,111107.88384056234,0,21060,0 1 106 185 53 1459 20,0.0 0.0 0.5769230769230769 0.8078602620087336 0.7571428571428571 1.0 0.8074074074074075,6663.612724361195,0,47137,0 1 38 101 19 675 -3,0.0 0.0 0.2032967032967033 0.4410480349344978 0.2714285714285714 0.43637670740474477 0.6370370370370371,2506.1587291554724,0,61162,0 1 23 91 7 607 46,0.0 0.0 0.12087912087912088 0.39737991266375544 0.1 0.38749101365923794 1.0,1621.0460315915566,0,63213,0 1 22 77 6 591 31,0.0 0.0 0.11538461538461539 0.33624454148471616 0.08571428571428572 0.37598849748382457 0.8888888888888888,1503.3108977660256,0,63426,0 1 38 92 10 661 -4,0.0 0.0 0.2032967032967033 0.4017467248908297 0.14285714285714285 0.4263120057512581 0.6296296296296297,2453.8922218307193,0,61300,0 1 40 111 25 617 15,0.0 0.0 0.21428571428571427 0.4847161572052402 0.35714285714285715 0.3946800862688713 0.7703703703703704,2668.0047570097277,0,60562,0 1 22 77 6 583 31,0.0 0.0 0.11538461538461539 0.33624454148471616 0.08571428571428572 0.3702372393961179 0.8888888888888888,1503.2533851851485,0,63428,0 1 31 90 16 580 21,0.0 0.0 0.16483516483516483 0.3930131004366812 0.22857142857142856 0.3680805176132279 0.8148148148148148,2068.717511636419,0,62271,0 1 17 67 15 492 32,0.0 0.0 0.08791208791208792 0.2925764192139738 0.21428571428571427 0.30481667864845435 0.8962962962962963,1197.0703328462052,0,64731,0 1 22 72 6 584 25,0.0 0.0 0.11538461538461539 0.314410480349345 0.08571428571428572 0.3709561466570812 0.8444444444444444,1481.3820686779427,0,63491,0 1 18 75 18 503 20,0.0 0.0 0.09340659340659341 0.32751091703056767 0.2571428571428571 0.31272465851905107 0.8074074074074075,1291.2257908033855,0,64641,0 1 29 74 5 626 37,0.0 0.0 0.15384615384615385 0.3231441048034934 0.07142857142857142 0.40115025161754136 0.9333333333333333,1873.693336257398,0,62691,0 1 25 82 7 606 36,0.0 0.0 0.13186813186813187 0.35807860262008734 0.1 0.38677210639827464 0.9259259259259259,1691.5535682913148,0,63129,0 1 58 118 31 923 41,0.0 0.0 0.3131868131868132 0.5152838427947598 0.44285714285714284 0.6146657081236521 0.9629629629629629,3698.5473089928055,0,58345,0 1 31 76 7 612 27,0.0 0.0 0.16483516483516483 0.3318777292576419 0.1 0.39108554996405465 0.8592592592592593,1994.99949236819,0,62471,0 1 18 75 18 503 21,0.0 0.0 0.09340659340659341 0.32751091703056767 0.2571428571428571 0.31272465851905107 0.8148148148148148,1291.2331982107928,0,64640,0 1 40 110 25 622 19,0.0 0.0 0.21428571428571427 0.48034934497816595 0.35714285714285715 0.398274622573688 0.8,2663.703519775331,0,60613
resolved-c28d-3600-1st/nsp-n20-d28-r0.10-rp2-fp2-s3,0 0 0 0 0 67 -72,0.0 0.0 0.0 0.0 0.0 0.03125 0.06060606060606061,0.3731060606060606,0,377,0 0 0 0 0 74 -60,0.0 0.0 0.0 0.0 0.0 0.25 0.42424242424242425,2.9242424242424243,0,338,0 0 0 0 0 66 -74,0.0 0.0 0.0 0.0 0.0 0.0 0.0,0.0,0,288,0 0 0 0 0 98 -41,0.0 0.0 0.0 0.0 0.0 1.0 1.0,11.0,0,118,0 0 0 0 0 98 -41,0.0 0.0 0.0 0.0 0.0 1.0 1.0,11.0,0,118,0 0 0 0 0 98 -41,0.0 0.0 0.0 0.0 0.0 1.0 1.0,11.0,0,118,0 0 0 0 0 98 -41,0.0 0.0 0.0 0.0 0.0 1.0 1.0,11.0,0,118,0 0 0 0 0 98 -41,0.0 0.0 0.0 0.0 0.0 1.0 1.0,11.0,0,118,0 0 0 0 0 98 -41,0.0 0.0 0.0 0.0 0.0 1.0 1.0,11.0,0,118,0 0 0 0 0 98 -41,0.0 0.0 0.0 0.0 0.0 1.0 1.0,11.0,0,118,0 0 0 0 0 98 -41,0.0 0.0 0.0 0.0 0.0 1.0 1.0,11.0,0,118,0 0 0 0 0 98 -41,0.0 0.0 0.0 0.0 0.0 1.0 1.0,11.0,0,118,0 0 0 0 0 98 -41,0.0 0.0 0.0 0.0 0.0 1.0 1.0,11.0,0,118,0 0 0 0 0 98 -41,0.0 0.0 0.0 0.0 0.0 1.0 1.0,11.0,0,118,0 0 0 0 0 98 -41,0.0 0.0 0.0 0.0 0.0 1.0 1.0,11.0,0,118,0 0 0 0 0 98 -41,0.0 0.0 0.0 0.0 0.0 1.0 1.0,11.0,0,118,0 0 0 0 0 98 -41,0.0 0.0 0.0 0.0 0.0 1.0 1.0,11.0,0,118,0 0 0 0 0 98 -41,0.0 0.0 0.0 0.0 0.0 1.0 1.0,11.0,0,118,0 0 0 0 0 98 -41,0.0 0.0 0.0 0.0 0.0 1.0 1.0,11.0,0,118
resolved-c28d-3600-1st/nsp-n30-d28-r0.10-rp2-fp2-s0,0 2 2 25 1 175 -62,0.0 0.0 0.0 1.0 1.0 1.0 0.7954545454545454,1110.7954545454545,0,8817,0 2 2 0 0 120 -97,0.0 0.0 0.0 0.0 0.0 0.0 0.0,0.0,0,48117,0 2 2 0 0 136 -83,0.0 0.0 0.0 0.0 0.0 0.2909090909090909 0.3181818181818182,3.2272727272727275,0,48041,0 2 2 0 0 165 -54,0.0 0.0 0.0 0.0 0.0 0.8181818181818182 0.9772727272727273,9.159090909090908,0,46606,0 2 2 0 0 165 -55,0.0 0.0 0.0 0.0 0.0 0.8181818181818182 0.9545454545454546,9.136363636363637,0,46607,0 2 2 0 0 165 -55,0.0 0.0 0.0 0.0 0.0 0.8181818181818182 0.9545454545454546,9.136363636363637,0,46607,0 2 2 0 0 165 -54,0.0 0.0 0.0 0.0 0.0 0.8181818181818182 0.9772727272727273,9.159090909090908,0,46606,0 2 2 0 0 165 -53,0.0 0.0 0.0 0.0 0.0 0.8181818181818182 1.0,9.181818181818182,0,46605,0 2 2 0 0 165 -53,0.0 0.0 0.0 0.0 0.0 0.8181818181818182 1.0,9.181818181818182,0,46605,0 2 2 0 0 175 -79,0.0 0.0 0.0 0.0 0.0 1.0 0.4090909090909091,10.409090909090908,0,46602,0 2 2 0 0 165 -54,0.0 0.0 0.0 0.0 0.0 0.8181818181818182 0.9772727272727273,9.159090909090908,0,46606,0 2 2 0 0 165 -54,0.0 0.0 0.0 0.0 0.0 0.8181818181818182 0.9772727272727273,9.159090909090908,0,46606,0 2 2 0 0 165 -54,0.0 0.0 0.0 0.0 0.0 0.8181818181818182 0.9772727272727273,9.159090909090908,0,46606,0 2 2 0 0 165 -54,0.0 0.0 0.0 0.0 0.0 0.8181818181818182 0.9772727272727273,9.159090909090908,0,46606,0 2 2 0 0 165 -55,0.0 0.0 0.0 0.0 0.0 0.8181818181818182 0.9545454545454546,9.136363636363637,0,46607,0 2 2 0 0 165 -53,0.0 0.0 0.0 0.0 0.0 0.8181818181818182 1.0,9.181818181818182,0,46605,0 2 2 0 0 165 -54,0.0 0.0 0.0 0.0 0.0 0.8181818181818182 0.9772727272727273,9.159090909090908,0,46606,0 2 2 0 0 165 -54,0.0 0.0 0.0 0.0 0.0 0.8181818181818182 0.9772727272727273,9.159090909090908,0,46606,0 2 2 0 0 165 -54,0.0 0.0 0.0 0.0 0.0 0.8181818181818182 0.9772727272727273,9.159090909090908,0,46606
resolved-c28d-3600-1st/nsp-n30-d28-r0.10-rp2-fp2-s3,0 2 4 6 0 194 -51,0.0 0.0 1.0 1.0 0.0 1.0 0.5555555555555556,11010.555555555555,0,4303,0 2 0 2 0 109 -81,0.0 0.0 0.0 0.0 0.0 0.0 0.0,0.0,0,37473,0 2 0 2 0 130 -59,0.0 0.0 0.0 0.0 0.0 0.24705882352941178 0.4074074074074074,2.877995642701525,0,37405,0 2 0 2 0 163 -29,0.0 0.0 0.0 0.0 0.0 0.6352941176470588 0.9629629629629629,7.315904139433551,0,47909,0 2 0 2 0 163 -27,0.0 0.0 0.0 0.0 0.0 0.6352941176470588 1.0,7.352941176470588,0,47907,0 2 0 2 0 163 -28,0.0 0.0 0.0 0.0 0.0 0.6352941176470588 0.9814814814814815,7.33442265795207,0,47908,0 2 0 2 0 163 -28,0.0 0.0 0.0 0.0 0.0 0.6352941176470588 0.9814814814814815,7.33442265795207,0,47908,0 2 0 2 0 163 -29,0.0 0.0 0.0 0.0 0.0 0.6352941176470588 0.9629629629629629,7.315904139433551,0,47909,0 2 0 2 0 163 -30,0.0 0.0 0.0 0.0 0.0 0.6352941176470588 0.9444444444444444,7.2973856209150325,0,47910,0 2 0 2 0 163 -29,0.0 0.0 0.0 0.0 0.0 0.6352941176470588 0.9629629629629629,7.315904139433551,0,47909,0 2 0 2 0 163 -29,0.0 0.0 0.0 0.0 0.0 0.6352941176470588 0.9629629629629629,7.315904139433551,0,47909,0 2 0 2 0 163 -29,0.0 0.0 0.0 0.0 0.0 0.6352941176470588 0.9629629629629629,7.315904139433551,0,47909,0 2 0 2 0 163 -27,0.0 0.0 0.0 0.0 0.0 0.6352941176470588 1.0,7.352941176470588,0,47907,0 2 0 2 0 163 -30,0.0 0.0 0.0 0.0 0.0 0.6352941176470588 0.9444444444444444,7.2973856209150325,0,47910,0 2 0 2 0 163 -29,0.0 0.0 0.0 0.0 0.0 0.6352941176470588 0.9629629629629629,7.315904139433551,0,47909,0 2 0 2 0 163 -30,0.0 0.0 0.0 0.0 0.0 0.6352941176470588 0.9444444444444444,7.2973856209150325,0,47910,0 2 0 2 0 163 -28,0.0 0.0 0.0 0.0 0.0 0.6352941176470588 0.9814814814814815,7.33442265795207,0,47908,0 2 0 2 0 172 -81,0.0 0.0 0.0 0.0 0.0 0.7411764705882353 0.0,7.411764705882353,0,47880,0 2 0 2 0 163 -27,0.0 0.0 0.0 0.0 0.0 0.6352941176470588 1.0,7.352941176470588,0,47907
resolved-c28d-3600-1st/nsp-n10-d28-r0.10-rp0-fp0-s9,0 0 0 0 0 77 -47,0.0 0.0 0.0 0.0 0.0 0.5 0.0,5.0,0,239,0 0 0 0 0 69 -47,0.0 0.0 0.0 0.0 0.0 0.0 0.0,0.0,0,271,0 0 0 0 0 71 -46,0.0 0.0 0.0 0.0 0.0 0.125 0.125,1.375,0,267,0 0 0 0 0 85 -39,0.0 0.0 0.0 0.0 0.0 1.0 1.0,11.0,0,204,0 0 0 0 0 85 -39,0.0 0.0 0.0 0.0 0.0 1.0 1.0,11.0,0,204,0 0 0 0 0 85 -39,0.0 0.0 0.0 0.0 0.0 1.0 1.0,11.0,0,204,0 0 0 0 0 85 -39,0.0 0.0 0.0 0.0 0.0 1.0 1.0,11.0,0,204,0 0 0 0 0 85 -39,0.0 0.0 0.0 0.0 0.0 1.0 1.0,11.0,0,204,0 0 0 0 0 85 -39,0.0 0.0 0.0 0.0 0.0 1.0 1.0,11.0,0,204,0 0 0 0 0 85 -39,0.0 0.0 0.0 0.0 0.0 1.0 1.0,11.0,0,204,0 0 0 0 0 85 -39,0.0 0.0 0.0 0.0 0.0 1.0 1.0,11.0,0,204,0 0 0 0 0 85 -39,0.0 0.0 0.0 0.0 0.0 1.0 1.0,11.0,0,204,0 0 0 0 0 85 -39,0.0 0.0 0.0 0.0 0.0 1.0 1.0,11.0,0,204,0 0 0 0 0 85 -39,0.0 0.0 0.0 0.0 0.0 1.0 1.0,11.0,0,204,0 0 0 0 0 85 -39,0.0 0.0 0.0 0.0 0.0 1.0 1.0,11.0,0,204,0 0 0 0 0 85 -39,0.0 0.0 0.0 0.0 0.0 1.0 1.0,11.0,0,204,0 0 0 0 0 85 -39,0.0 0.0 0.0 0.0 0.0 1.0 1.0,11.0,0,204,0 0 0 0 0 85 -39,0.0 0.0 0.0 0.0 0.0 1.0 1.0,11.0,0,204,0 0 0 0 0 85 -39,0.0 0.0 0.0 0.0 0.0 1.0 1.0,11.0,0,204
resolved-c28d-3600-1st/nsp-n50-d28-r0.10-rp2-fp2-s1,0 0 38 608 14 1287 -70,0.0 0.0 1.0 1.0 1.0 1.0 1.0,11111.0,0,4328,0 0 2 2 0 257 -180,0.0 0.0 0.0 0.0 0.0 0.0 0.0,0.0,0,7670,0 0 2 2 0 334 -148,0.0 0.0 0.0 0.0 0.0 0.07475728155339806 0.2909090909090909,1.0384819064430715,0,7537,0 0 2 2 0 467 -124,0.0 0.0 0.0 0.0 0.0 0.20388349514563106 0.509090909090909,2.5479258605472195,0,8535,0 0 2 2 0 467 -124,0.0 0.0 0.0 0.0 0.0 0.20388349514563106 0.509090909090909,2.5479258605472195,0,8535,0 0 2 2 0 467 -124,0.0 0.0 0.0 0.0 0.0 0.20388349514563106 0.509090909090909,2.5479258605472195,0,8535,0 0 2 2 0 472 -129,0.0 0.0 0.0 0.0 0.0 0.2087378640776699 0.4636363636363636,2.5510150044130624,0,8533,0 0 2 2 0 472 -129,0.0 0.0 0.0 0.0 0.0 0.2087378640776699 0.4636363636363636,2.5510150044130624,0,8533,0 0 2 2 0 467 -124,0.0 0.0 0.0 0.0 0.0 0.20388349514563106 0.509090909090909,2.5479258605472195,0,8535,0 0 2 2 0 467 -124,0.0 0.0 0.0 0.0 0.0 0.20388349514563106 0.509090909090909,2.5479258605472195,0,8535,0 0 2 2 0 467 -124,0.0 0.0 0.0 0.0 0.0 0.20388349514563106 0.509090909090909,2.5479258605472195,0,8535,0 0 2 2 0 472 -129,0.0 0.0 0.0 0.0 0.0 0.2087378640776699 0.4636363636363636,2.5510150044130624,0,8533,0 0 2 2 0 467 -124,0.0 0.0 0.0 0.0 0.0 0.20388349514563106 0.509090909090909,2.5479258605472195,0,8535,0 0 2 2 0 467 -124,0.0 0.0 0.0 0.0 0.0 0.20388349514563106 0.509090909090909,2.5479258605472195,0,8535,0 0 2 2 0 467 -124,0.0 0.0 0.0 0.0 0.0 0.20388349514563106 0.509090909090909,2.5479258605472195,0,8535,0 0 2 2 0 467 -124,0.0 0.0 0.0 0.0 0.0 0.20388349514563106 0.509090909090909,2.5479258605472195,0,8535,0 0 2 2 0 467 -124,0.0 0.0 0.0 0.0 0.0 0.20388349514563106 0.509090909090909,2.5479258605472195,0,8535,0 0 2 2 0 472 -129,0.0 0.0 0.0 0.0 0.0 0.2087378640776699 0.4636363636363636,2.5510150044130624,0,8533,0 0 2 2 0 467 -124,0.0 0.0 0.0 0.0 0.0 0.20388349514563106 0.509090909090909,2.5479258605472195,0,8535
resolved-c28d-3600-1st/nsp-n20-d28-r0.10-rp2-fp2-s7,0 0 0 0 0 45 -92,0.0 0.0 0.0 0.0 0.0 0.0 0.08196721311475409,0.08196721311475409,0,341,0 0 0 0 0 46 -76,0.0 0.0 0.0 0.0 0.0 0.07692307692307693 0.3442622950819672,1.1134930643127365,0,354,0 0 0 0 0 45 -97,0.0 0.0 0.0 0.0 0.0 0.0 0.0,0.0,0,340,0 0 0 0 0 58 -36,0.0 0.0 0.0 0.0 0.0 1.0 1.0,11.0,0,120,0 0 0 0 0 58 -36,0.0 0.0 0.0 0.0 0.0 1.0 1.0,11.0,0,120,0 0 0 0 0 58 -36,0.0 0.0 0.0 0.0 0.0 1.0 1.0,11.0,0,120,0 0 0 0 0 58 -36,0.0 0.0 0.0 0.0 0.0 1.0 1.0,11.0,0,120,0 0 0 0 0 58 -36,0.0 0.0 0.0 0.0 0.0 1.0 1.0,11.0,0,120,0 0 0 0 0 58 -36,0.0 0.0 0.0 0.0 0.0 1.0 1.0,11.0,0,120,0 0 0 0 0 58 -36,0.0 0.0 0.0 0.0 0.0 1.0 1.0,11.0,0,120,0 0 0 0 0 58 -36,0.0 0.0 0.0 0.0 0.0 1.0 1.0,11.0,0,120,0 0 0 0 0 58 -36,0.0 0.0 0.0 0.0 0.0 1.0 1.0,11.0,0,120,0 0 0 0 0 58 -36,0.0 0.0 0.0 0.0 0.0 1.0 1.0,11.0,0,120,0 0 0 0 0 58 -36,0.0 0.0 0.0 0.0 0.0 1.0 1.0,11.0,0,120,0 0 0 0 0 58 -36,0.0 0.0 0.0 0.0 0.0 1.0 1.0,11.0,0,120,0 0 0 0 0 58 -36,0.0 0.0 0.0 0.0 0.0 1.0 1.0,11.0,0,120,0 0 0 0 0 58 -36,0.0 0.0 0.0 0.0 0.0 1.0 1.0,11.0,0,120,0 0 0 0 0 58 -36,0.0 0.0 0.0 0.0 0.0 1.0 1.0,11.0,0,120,0 0 0 0 0 58 -36,0.0 0.0 0.0 0.0 0.0 1.0 1.0,11.0,0,120
resolved-c28d-3600-1st/nsp-n40-d28-r0.10-rp2-fp2-s8,0 0 0 0 0 163 -203,0.0 0.0 0.0 0.0 0.0 0.0 0.0,0.0,0,744,0 0 0 0 0 166 -176,0.0 0.0 0.0 0.0 0.0 0.01764705882352941 0.2523364485981308,0.4288070368334249,0,623,0 0 0 0 0 193 -145,0.0 0.0 0.0 0.0 0.0 0.17647058823529413 0.5420560747663551,2.3067619571192965,0,605,0 0 0 0 0 329 -158,0.0 0.0 0.0 0.0 0.0 0.9764705882352941 0.4205607476635514,10.185266630016491,0,217,0 0 0 0 0 329 -158,0.0 0.0 0.0 0.0 0.0 0.9764705882352941 0.4205607476635514,10.185266630016491,0,217,0 0 0 0 0 329 -158,0.0 0.0 0.0 0.0 0.0 0.9764705882352941 0.4205607476635514,10.185266630016491,0,217,0 0 0 0 0 329 -158,0.0 0.0 0.0 0.0 0.0 0.9764705882352941 0.4205607476635514,10.185266630016491,0,217,0 0 0 0 0 308 -96,0.0 0.0 0.0 0.0 0.0 0.8529411764705882 1.0,9.529411764705882,0,220,0 0 0 0 0 308 -96,0.0 0.0 0.0 0.0 0.0 0.8529411764705882 1.0,9.529411764705882,0,220,0 0 0 0 0 329 -158,0.0 0.0 0.0 0.0 0.0 0.9764705882352941 0.4205607476635514,10.185266630016491,0,217,0 0 0 0 0 308 -96,0.0 0.0 0.0 0.0 0.0 0.8529411764705882 1.0,9.529411764705882,0,220,0 0 0 0 0 329 -158,0.0 0.0 0.0 0.0 0.0 0.9764705882352941 0.4205607476635514,10.185266630016491,0,217,0 0 0 0 0 308 -96,0.0 0.0 0.0 0.0 0.0 0.8529411764705882 1.0,9.529411764705882,0,220,0 0 0 0 0 308 -96,0.0 0.0 0.0 0.0 0.0 0.8529411764705882 1.0,9.529411764705882,0,220,0 0 0 0 0 329 -158,0.0 0.0 0.0 0.0 0.0 0.9764705882352941 0.4205607476635514,10.185266630016491,0,217,0 0 0 0 0 333 -126,0.0 0.0 0.0 0.0 0.0 1.0 0.719626168224299,10.719626168224298,0,212,0 0 0 0 0 329 -158,0.0 0.0 0.0 0.0 0.0 0.9764705882352941 0.4205607476635514,10.185266630016491,0,217,0 0 0 0 0 329 -158,0.0 0.0 0.0 0.0 0.0 0.9764705882352941 0.4205607476635514,10.185266630016491,0,217,0 0 0 0 0 329 -158,0.0 0.0 0.0 0.0 0.0 0.9764705882352941 0.4205607476635514,10.185266630016491,0,217
resolved-c28d-3600-1st/nsp-n10-d28-r0.10-rp0-fp0-s6,0 1 2 0 0 79 -36,0.0 0.0 0.0 0.0 0.0 0.15789473684210525 0.0,1.5789473684210527,0,13765,0 1 2 0 0 76 -36,0.0 0.0 0.0 0.0 0.0 0.0 0.0,0.0,0,13987,0 1 2 0 0 76 -35,0.0 0.0 0.0 0.0 0.0 0.0 0.07142857142857142,0.07142857142857142,0,13958,0 1 2 0 0 95 -22,0.0 0.0 0.0 0.0 0.0 1.0 1.0,11.0,0,16197,0 1 2 0 0 95 -22,0.0 0.0 0.0 0.0 0.0 1.0 1.0,11.0,0,16197,0 1 2 0 0 95 -23,0.0 0.0 0.0 0.0 0.0 1.0 0.9285714285714286,10.928571428571429,0,16198,0 1 2 0 0 95 -24,0.0 0.0 0.0 0.0 0.0 1.0 0.8571428571428571,10.857142857142858,0,16199,0 1 2 0 0 95 -22,0.0 0.0 0.0 0.0 0.0 1.0 1.0,11.0,0,16197,0 1 2 0 0 95 -22,0.0 0.0 0.0 0.0 0.0 1.0 1.0,11.0,0,16197,0 1 2 0 0 95 -23,0.0 0.0 0.0 0.0 0.0 1.0 0.9285714285714286,10.928571428571429,0,16198,0 1 2 0 0 95 -24,0.0 0.0 0.0 0.0 0.0 1.0 0.8571428571428571,10.857142857142858,0,16199,0 1 2 0 0 95 -22,0.0 0.0 0.0 0.0 0.0 1.0 1.0,11.0,0,16197,0 1 2 0 0 95 -24,0.0 0.0 0.0 0.0 0.0 1.0 0.8571428571428571,10.857142857142858,0,16199,0 1 2 0 0 95 -22,0.0 0.0 0.0 0.0 0.0 1.0 1.0,11.0,0,16197,0 1 2 0 0 95 -25,0.0 0.0 0.0 0.0 0.0 1.0 0.7857142857142857,10.785714285714286,0,16200,0 1 2 0 0 95 -22,0.0 0.0 0.0 0.0 0.0 1.0 1.0,11.0,0,16197,0 1 2 0 0 95 -22,0.0 0.0 0.0 0.0 0.0 1.0 1.0,11.0,0,16197,0 1 2 0 0 95 -22,0.0 0.0 0.0 0.0 0.0 1.0 1.0,11.0,0,16197,0 1 2 0 0 95 -23,0.0 0.0 0.0 0.0 0.0 1.0 0.9285714285714286,10.928571428571429,0,16198
resolved-c28d-3600-1st/nsp-n40-d28-r0.10-rp2-fp2-s4,0 3 36 526 4 922 -89,0.0 0.0 0.046511627906976744 0.048058474189127454 0.041237113402061855 0.17698452321517724 0.3526315789473684,519.4209414102002,0,5114,0 3 774 10945 8 4219 -156,0.0 0.0 1.0 1.0 0.08247422680412371 1.0 0.0,11018.247422680412,0,2480,0 3 0 0 0 213 -147,0.0 0.0 0.0 0.0 0.0 0.0 0.04736842105263158,0.04736842105263158,0,16520,0 3 310 428 88 2706 34,0.0 0.0 0.4005167958656331 0.03910461397898584 0.9072164948453608 0.6223165252121817 1.0,4142.217387371975,0,40058,0 3 41 352 67 1794 -22,0.0 0.0 0.05297157622739018 0.032160804020100506 0.6907216494845361 0.3946580129805292 0.7052631578947368,635.600574530156,0,43903,0 3 41 343 47 1751 -22,0.0 0.0 0.05297157622739018 0.03133851073549566 0.4845360824742268 0.3839241138292561 0.7052631578947368,614.0523855530075,0,43912,0 3 37 347 51 1590 -6,0.0 0.0 0.04780361757105943 0.031703974417542254 0.5257731958762887 0.3437343984023964 0.7894736842105263,566.544287384,0,44093,0 3 41 318 44 1656 -4,0.0 0.0 0.05297157622739018 0.02905436272270443 0.4536082474226804 0.36020968547179233 0.8,608.5330465935923,0,43985,0 3 3 307 29 1368 5,0.0 0.0 0.003875968992248062 0.028049337597076292 0.29896907216494845 0.28831752371442837 0.8473684210526315,100.43647839424867,0,44866,0 3 282 326 64 2496 -4,0.0 0.0 0.3643410852713178 0.029785290086797624 0.6597938144329897 0.5698951572641039 0.8,3745.6744758159157,0,41194,0 3 13 261 26 1422 -7,0.0 0.0 0.016795865633074936 0.02384650525354043 0.26804123711340205 0.3017973040439341 0.7842105263157895,222.41146886238514,0,44507,0 3 0 348 57 1389 -29,0.0 0.0 0.0 0.0317953403380539 0.5876288659793815 0.29355966050923615 0.6684210526315789,94.162244593716,0,45109,0 3 4 277 23 1271 -6,0.0 0.0 0.00516795865633075 0.025308359981726817 0.23711340206185566 0.2641038442336495 0.7894736842105263,104.1297988777669,0,44840,0 3 0 233 38 1253 -5,0.0 0.0 0.0 0.021288259479214252 0.3917525773195876 0.25961058412381427 0.7947368421052632,63.85435989451642,0,45243,0 3 38 317 50 1645 22,0.0 0.0 0.04909560723514212 0.028962996802192782 0.5154639175257731 0.3574638042935597 0.9368421052631579,575.9769410543901,0,44069,0 3 0 99 4 929 -2,0.0 0.0 0.0 0.009045226130653266 0.041237113402061855 0.17873190214677984 0.8105263157894737,15.766782808116723,0,46285,0 3 0 333 54 1306 -19,0.0 0.0 0.0 0.030424851530379167 0.5567010309278351 0.2728407388916625 0.7210526315789474,89.54441464365824,0,45116,0 3 0 289 37 1299 -13,0.0 0.0 0.0 0.026404751027866605 0.38144329896907214 0.2710933599600599 0.7526315789473684,68.01264610332179,0,45129,0 3 238 359 97 2849 10,0.0 0.0 0.30749354005167956 0.03280036546368205 1.0 0.6580129805292062 0.8736842105263158,3215.1895799962963,0,43220
resolved-c28d-3600-1st/nsp-n10-d28-r0.10-rp0-fp0-s8,0 1 0 2 0 80 -36,0.0 0.0 0.0 0.0 0.0 0.11764705882352941 0.0,1.1764705882352942,0,36390,0 1 0 2 0 79 -34,0.0 0.0 0.0 0.0 0.0 0.058823529411764705 0.2,0.7882352941176471,0,36369,0 1 0 2 0 78 -32,0.0 0.0 0.0 0.0 0.0 0.0 0.4,0.4,0,36361,0 1 0 2 0 95 -26,0.0 0.0 0.0 0.0 0.0 1.0 1.0,11.0,0,36467,0 1 0 2 0 95 -26,0.0 0.0 0.0 0.0 0.0 1.0 1.0,11.0,0,36467,0 1 0 2 0 95 -26,0.0 0.0 0.0 0.0 0.0 1.0 1.0,11.0,0,36467,0 1 0 2 0 95 -26,0.0 0.0 0.0 0.0 0.0 1.0 1.0,11.0,0,36467,0 1 0 2 0 95 -26,0.0 0.0 0.0 0.0 0.0 1.0 1.0,11.0,0,36467,0 1 0 2 0 95 -26,0.0 0.0 0.0 0.0 0.0 1.0 1.0,11.0,0,36467,0 1 0 2 0 95 -26,0.0 0.0 0.0 0.0 0.0 1.0 1.0,11.0,0,36467,0 1 0 2 0 95 -26,0.0 0.0 0.0 0.0 0.0 1.0 1.0,11.0,0,36467,0 1 0 2 0 95 -26,0.0 0.0 0.0 0.0 0.0 1.0 1.0,11.0,0,36467,0 1 0 2 0 95 -26,0.0 0.0 0.0 0.0 0.0 1.0 1.0,11.0,0,36467,0 1 0 2 0 95 -26,0.0 0.0 0.0 0.0 0.0 1.0 1.0,11.0,0,36467,0 1 0 2 0 95 -26,0.0 0.0 0.0 0.0 0.0 1.0 1.0,11.0,0,36467,0 1 0 2 0 95 -26,0.0 0.0 0.0 0.0 0.0 1.0 1.0,11.0,0,36467,0 1 0 2 0 95 -26,0.0 0.0 0.0 0.0 0.0 1.0 1.0,11.0,0,36467,0 1 0 2 0 95 -26,0.0 0.0 0.0 0.0 0.0 1.0 1.0,11.0,0,36467,0 1 0 2 0 95 -26,0.0 0.0 0.0 0.0 0.0 1.0 1.0,11.0,0,36467
resolved-c28d-3600-1st/nsp-n50-d28-r0.10-rp2-fp2-s6,0 2 43 483 11 1272 -132,0.0 0.0 1.0 1.0 1.0 1.0 1.0,11111.0,0,5707,0 2 2 0 0 288 -159,0.0 0.0 0.0 0.0 0.0 0.0 0.15625,0.15625,0,25240,0 2 2 0 0 353 -145,0.0 0.0 0.0 0.0 0.0 0.06605691056910569 0.59375,1.254319105691057,0,25128,0 2 2 0 0 326 -163,0.0 0.0 0.0 0.0 0.0 0.03861788617886179 0.03125,0.41742886178861793,0,19620,0 2 2 0 0 326 -164,0.0 0.0 0.0 0.0 0.0 0.03861788617886179 0.0,0.38617886178861793,0,19621,0 2 2 0 0 326 -163,0.0 0.0 0.0 0.0 0.0 0.03861788617886179 0.03125,0.41742886178861793,0,19620,0 2 2 0 0 326 -164,0.0 0.0 0.0 0.0 0.0 0.03861788617886179 0.0,0.38617886178861793,0,19621,0 2 2 0 0 326 -164,0.0 0.0 0.0 0.0 0.0 0.03861788617886179 0.0,0.38617886178861793,0,19621,0 2 2 0 0 326 -164,0.0 0.0 0.0 0.0 0.0 0.03861788617886179 0.0,0.38617886178861793,0,19621,0 2 2 0 0 326 -164,0.0 0.0 0.0 0.0 0.0 0.03861788617886179 0.0,0.38617886178861793,0,19621,0 2 2 0 0 326 -163,0.0 0.0 0.0 0.0 0.0 0.03861788617886179 0.03125,0.41742886178861793,0,19620,0 2 2 0 0 326 -164,0.0 0.0 0.0 0.0 0.0 0.03861788617886179 0.0,0.38617886178861793,0,19621,0 2 2 0 0 326 -164,0.0 0.0 0.0 0.0 0.0 0.03861788617886179 0.0,0.38617886178861793,0,19621,0 2 2 0 0 326 -164,0.0 0.0 0.0 0.0 0.0 0.03861788617886179 0.0,0.38617886178861793,0,19621,0 2 2 0 0 326 -163,0.0 0.0 0.0 0.0 0.0 0.03861788617886179 0.03125,0.41742886178861793,0,19620,0 2 2 0 0 326 -164,0.0 0.0 0.0 0.0 0.0 0.03861788617886179 0.0,0.38617886178861793,0,19621,0 2 2 0 0 326 -163,0.0 0.0 0.0 0.0 0.0 0.03861788617886179 0.03125,0.41742886178861793,0,19620,0 2 2 0 0 326 -163,0.0 0.0 0.0 0.0 0.0 0.03861788617886179 0.03125,0.41742886178861793,0,19620,0 2 2 0 0 326 -164,0.0 0.0 0.0 0.0 0.0 0.03861788617886179 0.0,0.38617886178861793,0,19621
resolved-c28d-3600-1st/nsp-n40-d28-r0.10-rp2-fp2-s5,0 22 348 273 65 2434 -41,0.0 0.0 0.0 0.0 0.0 0.7403751233958539 0.0,7.4037512339585385,0,9954,1 157 485 424 80 2534 -7,1.0 0.30201342281879195 0.20980091883614088 0.19635890767230169 0.1744186046511628 0.8390918065153011 0.4358974358974359,1032521.979053879,0,16926,1 223 692 458 102 2697 -8,1.0 0.44966442953020136 0.5267993874425727 0.24057217165149544 0.43023255813953487 1.0 0.4230769230769231,1050528.4553318345,0,14393,0 460 1001 935 151 1773 4,0.0 0.9798657718120806 1.0 0.8608582574772432 1.0 0.087857847976308 0.5769230769230769,108948.890940242,0,28495,0 460 1001 935 151 1773 4,0.0 0.9798657718120806 1.0 0.8608582574772432 1.0 0.087857847976308 0.5769230769230769,108948.890940242,0,28495,0 461 1001 938 151 1772 3,0.0 0.9821029082774049 1.0 0.8647594278283485 1.0 0.08687068114511352 0.5641025641025641,109176.48306494439,0,28452,0 460 1001 935 151 1773 4,0.0 0.9798657718120806 1.0 0.8608582574772432 1.0 0.087857847976308 0.5769230769230769,108948.890940242,0,28495,0 460 1001 935 151 1773 4,0.0 0.9798657718120806 1.0 0.8608582574772432 1.0 0.087857847976308 0.5769230769230769,108948.890940242,0,28495,0 460 1000 1042 128 1850 12,0.0 0.9798657718120806 0.998468606431853 1.0 0.7325581395348837 0.16386969397828233 0.6794871794871795,109046.83724359935,0,28523,0 460 1001 935 151 1773 4,0.0 0.9798657718120806 1.0 0.8608582574772432 1.0 0.087857847976308 0.5769230769230769,108948.890940242,0,28495,0 460 1001 935 151 1773 4,0.0 0.9798657718120806 1.0 0.8608582574772432 1.0 0.087857847976308 0.5769230769230769,108948.890940242,0,28495,0 464 880 951 147 1684 12,0.0 0.9888143176733781 0.8147013782542113 0.881664499349805 0.9534883720930233 0.0 0.6794871794871795,108006.13837361852,0,28351,0 461 1001 935 151 1771 4,0.0 0.9821029082774049 1.0 0.8608582574772432 1.0 0.08588351431391905 0.5769230769230769,109172.5848434378,0,28466,0 460 1001 935 151 1773 4,0.0 0.9798657718120806 1.0 0.8608582574772432 1.0 0.087857847976308 0.5769230769230769,108948.890940242,0,28495,0 469 919 887 151 1728 37,0.0 1.0 0.8744257274119449 0.7984395318595578 1.0 0.04343534057255676 1.0,109644.13115938473,0,27890,0 464 880 951 147 1684 12,0.0 0.9888143176733781 0.8147013782542113 0.881664499349805 0.9534883720930233 0.0 0.6794871794871795,108006.13837361852,0,28351,0 460 1001 935 151 1773 4,0.0 0.9798657718120806 1.0 0.8608582574772432 1.0 0.087857847976308 0.5769230769230769,108948.890940242,0,28495,0 461 1001 935 151 1771 6,0.0 0.9821029082774049 1.0 0.8608582574772432 1.0 0.08588351431391905 0.6025641025641025,109172.61048446344,0,28465,0 460 1001 935 151 1773 4,0.0 0.9798657718120806 1.0 0.8608582574772432 1.0 0.087857847976308 0.5769230769230769,108948.890940242,0,28495
resolved-c28d-3600-1st/nsp-n20-d28-r0.10-rp2-fp2-s0,0 0 0 0 0 49 -84,0.0 0.0 0.0 0.0 0.0 0.0 0.0625,0.0625,0,300,0 0 0 0 0 54 -81,0.0 0.0 0.0 0.0 0.0 0.25 0.15625,2.65625,0,255,0 0 0 0 0 56 -86,0.0 0.0 0.0 0.0 0.0 0.35 0.0,3.5,0,208,0 0 0 0 0 69 -54,0.0 0.0 0.0 0.0 0.0 1.0 1.0,11.0,0,166,0 0 0 0 0 69 -54,0.0 0.0 0.0 0.0 0.0 1.0 1.0,11.0,0,166,0 0 0 0 0 69 -54,0.0 0.0 0.0 0.0 0.0 1.0 1.0,11.0,0,166,0 0 0 0 0 69 -54,0.0 0.0 0.0 0.0 0.0 1.0 1.0,11.0,0,166,0 0 0 0 0 69 -54,0.0 0.0 0.0 0.0 0.0 1.0 1.0,11.0,0,166,0 0 0 0 0 69 -54,0.0 0.0 0.0 0.0 0.0 1.0 1.0,11.0,0,166,0 0 0 0 0 69 -54,0.0 0.0 0.0 0.0 0.0 1.0 1.0,11.0,0,166,0 0 0 0 0 69 -54,0.0 0.0 0.0 0.0 0.0 1.0 1.0,11.0,0,166,0 0 0 0 0 69 -54,0.0 0.0 0.0 0.0 0.0 1.0 1.0,11.0,0,166,0 0 0 0 0 69 -54,0.0 0.0 0.0 0.0 0.0 1.0 1.0,11.0,0,166,0 0 0 0 0 69 -54,0.0 0.0 0.0 0.0 0.0 1.0 1.0,11.0,0,166,0 0 0 0 0 69 -54,0.0 0.0 0.0 0.0 0.0 1.0 1.0,11.0,0,166,0 0 0 0 0 69 -54,0.0 0.0 0.0 0.0 0.0 1.0 1.0,11.0,0,166,0 0 0 0 0 69 -54,0.0 0.0 0.0 0.0 0.0 1.0 1.0,11.0,0,166,0 0 0 0 0 69 -54,0.0 0.0 0.0 0.0 0.0 1.0 1.0,11.0,0,166,0 0 0 0 0 69 -54,0.0 0.0 0.0 0.0 0.0 1.0 1.0,11.0,0,166
resolved-c28d-3600-1st/nsp-n10-d28-r0.10-rp0-fp0-s1,0 1 0 0 0 70 -42,0.0 0.0 0.0 0.0 0.0 0.13636363636363635 0.125,1.4886363636363635,0,37438,0 1 0 0 0 68 -45,0.0 0.0 0.0 0.0 0.0 0.045454545454545456 0.0,0.4545454545454546,0,37424,0 1 0 0 0 67 -40,0.0 0.0 0.0 0.0 0.0 0.0 0.20833333333333334,0.20833333333333334,0,37377,0 1 0 0 0 89 -21,0.0 0.0 0.0 0.0 0.0 1.0 1.0,11.0,0,37150,0 1 0 0 0 89 -21,0.0 0.0 0.0 0.0 0.0 1.0 1.0,11.0,0,37150,0 1 0 0 0 89 -21,0.0 0.0 0.0 0.0 0.0 1.0 1.0,11.0,0,37150,0 1 0 0 0 89 -21,0.0 0.0 0.0 0.0 0.0 1.0 1.0,11.0,0,37150,0 1 0 0 0 89 -24,0.0 0.0 0.0 0.0 0.0 1.0 0.875,10.875,0,37151,0 1 0 0 0 89 -21,0.0 0.0 0.0 0.0 0.0 1.0 1.0,11.0,0,37150,0 1 0 0 0 89 -21,0.0 0.0 0.0 0.0 0.0 1.0 1.0,11.0,0,37150,0 1 0 0 0 89 -21,0.0 0.0 0.0 0.0 0.0 1.0 1.0,11.0,0,37150,0 1 0 0 0 89 -21,0.0 0.0 0.0 0.0 0.0 1.0 1.0,11.0,0,37150,0 1 0 0 0 89 -21,0.0 0.0 0.0 0.0 0.0 1.0 1.0,11.0,0,37150,0 1 0 0 0 89 -21,0.0 0.0 0.0 0.0 0.0 1.0 1.0,11.0,0,37150,0 1 0 0 0 89 -21,0.0 0.0 0.0 0.0 0.0 1.0 1.0,11.0,0,37150,0 1 0 0 0 89 -21,0.0 0.0 0.0 0.0 0.0 1.0 1.0,11.0,0,37150,0 1 0 0 0 89 -21,0.0 0.0 0.0 0.0 0.0 1.0 1.0,11.0,0,37150,0 1 0 0 0 89 -21,0.0 0.0 0.0 0.0 0.0 1.0 1.0,11.0,0,37150,0 1 0 0 0 89 -21,0.0 0.0 0.0 0.0 0.0 1.0 1.0,11.0,0,37150
resolved-c28d-3600-1st/nsp-n30-d28-r0.10-rp2-fp2-s6,0 24 14 14 0 303 -38,0.0 0.03076923076923077 0.0 0.0 0.0 0.0 0.0,3076.923076923077,0,15363,0 97 324 424 49 1185 35,0.0 0.40512820512820513 0.2654109589041096 0.6317411402157165 0.2 0.2687385740402194 0.9864864864864865,43822.34511430422,0,14102,0 213 331 435 67 1072 34,0.0 1.0 0.2714041095890411 0.6486902927580893 0.27346938775510204 0.23430834856794638 0.972972972972973,103393.39438388267,0,16998,0 21 1017 612 231 3497 29,0.0 0.015384615384615385 0.8587328767123288 0.9214175654853621 0.9428571428571428 0.9731870810481413 0.9054054054054054,11152.13086157179,0,26990,0 32 1094 642 233 3560 31,0.0 0.07179487179487179 0.9246575342465754 0.9676425269645609 0.9510204081632653 0.9923826934795856 0.9324324324324325,17499.663349101047,0,24766,0 28 1096 650 245 3585 26,0.0 0.05128205128205128 0.9263698630136986 0.9799691833590138 1.0 1.0 0.8648648648648649,15482.737806565992,0,24985,0 24 1053 598 194 3476 34,0.0 0.03076923076923077 0.889554794520548 0.8998459167950693 0.7918367346938775 0.9667885435709933 0.972972972972973,12962.141470801698,0,26014,0 23 1065 616 208 3507 31,0.0 0.02564102564102564 0.8998287671232876 0.9275808936825886 0.8489795918367347 0.9762340036563071 0.9324324324324325,12585.563860670698,0,26275,0 34 1134 616 210 3419 9,0.0 0.08205128205128205 0.958904109589041 0.9275808936825886 0.8571428571428571 0.9494210847044485 0.6351351351351351,18817.593826397668,0,24259,0 36 1182 663 220 3222 17,0.0 0.09230769230769231 1.0 1.0 0.8979591836734694 0.8893967093235832 0.7432432432432432,20330.202359473056,0,23312,0 42 1150 641 202 2984 19,0.0 0.12307692307692308 0.9726027397260274 0.9661016949152542 0.8244897959183674 0.8168799512492383 0.7702702702702703,23091.209449242437,0,22734,0 35 1178 647 222 3419 13,0.0 0.08717948717948718 0.9965753424657534 0.975346687211094 0.9061224489795918 0.9494210847044485 0.6891891891891891,19759.84447475154,0,23384,0 23 1049 593 212 3476 22,0.0 0.02564102564102564 0.8861301369863014 0.8921417565485362 0.8653061224489796 0.9667885435709933 0.8108108108108109,12414.554999005533,0,26476,0 34 1134 623 210 3419 5,0.0 0.08205128205128205 0.958904109589041 0.938366718027735 0.8571428571428571 0.9494210847044485 0.581081081081081,18828.325596688763,0,24234,0 25 1044 611 198 3554 36,0.0 0.035897435897435895 0.8818493150684932 0.9198767334360555 0.8081632653061225 0.9905545399146861 1.0,13419.835345794336,0,25920,0 21 1025 588 212 3510 21,0.0 0.015384615384615385 0.865582191780822 0.884437596302003 0.8653061224489796 0.9771480804387569 0.7972972972972973,11175.820442918344,0,26777,0 21 1024 581 211 3527 31,0.0 0.015384615384615385 0.8647260273972602 0.8736517719568567 0.8612244897959184 0.9823278488726387 0.9324324324324325,11156.251744291749,0,26856,0 18 1052 618 229 3555 23,0.0 0.0 0.8886986301369864 0.9306625577812019 0.9346938775510204 0.9908592321755028 0.8243243243243243,9921.851163552246,0,27490,0 22 1024 593 217 3509 19,0.0 0.020512820512820513 0.8647260273972602 0.8921417565485362 0.8857142857142857 0.9768433881779403 0.7702702702702703,11689.794214526668,0,26735
resolved-c28d-3600-1st/nsp-n20-d28-r0.10-rp2-fp2-s5,0 1 4 0 0 71 -63,0.0 0.0 0.0 0.0 0.0 0.0 0.0,0.0,0,4352,0 1 13 38 1 326 21,0.0 0.0 0.05555555555555555 0.21714285714285714 0.013888888888888888 0.2537313432835821 0.7850467289719626,777.4096617491093,0,90507,0 1 13 29 1 323 13,0.0 0.0 0.05555555555555555 0.1657142857142857 0.013888888888888888 0.2507462686567164 0.7102803738317757,725.876473219129,0,90716,0 1 62 52 16 727 30,0.0 0.0 0.35802469135802467 0.29714285714285715 0.2222222222222222 0.6527363184079602 0.8691588785046729,3907.0085150079103,0,94051,0 1 60 44 6 553 21,0.0 0.0 0.345679012345679 0.25142857142857145 0.08333333333333333 0.47960199004975124 0.7850467289719626,3722.133094848164,0,95220,0 1 64 58 25 783 26,0.0 0.0 0.37037037037037035 0.3314285714285714 0.3472222222222222 0.708457711442786 0.8317757009345794,4077.7708501698594,0,93465,0 1 166 150 41 1076 44,0.0 0.0 1.0 0.8571428571428571 0.5694444444444444 1.0 1.0,10925.087301587302,0,67391,0 1 66 100 41 867 25,0.0 0.0 0.38271604938271603 0.5714285714285714 0.5694444444444444 0.7920398009950249 0.822429906542056,4464.276337616669,0,91164,0 1 48 85 7 653 44,0.0 0.0 0.2716049382716049 0.4857142857142857 0.09722222222222222 0.5791044776119403 1.0,3218.2769354286766,0,95572,0 1 60 48 5 659 28,0.0 0.0 0.345679012345679 0.2742857142857143 0.06944444444444445 0.5850746268656717 0.8504672897196262,3744.721495745325,0,94590,0 1 60 44 6 552 22,0.0 0.0 0.345679012345679 0.25142857142857145 0.08333333333333333 0.4786069651741294 0.794392523364486,3722.1324903938003,0,95227,0 1 41 80 8 512 32,0.0 0.0 0.22839506172839505 0.45714285714285713 0.1111111111111111 0.4388059701492537 0.8878504672897196,2757.4804957067013,0,96725,0 1 60 48 6 655 28,0.0 0.0 0.345679012345679 0.2742857142857143 0.08333333333333333 0.5810945273631841 0.8504672897196262,3746.070583639189,0,94530,0 1 42 72 8 561 24,0.0 0.0 0.2345679012345679 0.4114285714285714 0.1111111111111111 0.48756218905472637 0.8130841121495327,2773.9074008880584,0,96404,0 1 60 44 6 559 30,0.0 0.0 0.345679012345679 0.25142857142857145 0.08333333333333333 0.4855721393034826 0.8691588785046729,3722.2769084902343,0,95169,0 1 67 141 29 959 23,0.0 0.0 0.3888888888888889 0.8057142857142857 0.4027777777777778 0.8835820895522388 0.8037383177570093,4744.520511594232,0,88917,0 1 64 57 25 770 31,0.0 0.0 0.37037037037037035 0.32571428571428573 0.3472222222222222 0.6955223880597015 0.8785046728971962,4071.9739401937054,0,93506,0 1 116 175 72 963 44,0.0 0.0 0.691358024691358 1.0 1.0 0.8875621890547264 1.0,8023.455868804127,0,74889,0 1 68 159 25 923 40,0.0 0.0 0.3950617283950617 0.9085714285714286 0.3472222222222222 0.8477611940298507 0.9626168224299065,4903.351163506996,0,86657
resolved-c28d-3600-1st/nsp-n40-d28-r0.10-rp2-fp2-s6,0 3 36 4 0 274 -148,0.0 0.0 1.0 0.4 0.0 0.16033755274261605 0.0,10401.603375527426,0,4841,0 3 0 10 0 473 -55,0.0 0.0 0.0 1.0 0.0 1.0 1.0,1011.0,0,14320,0 3 0 0 0 236 -112,0.0 0.0 0.0 0.0 0.0 0.0 0.3870967741935484,0.3870967741935484,0,17445,0 3 0 0 0 324 -139,0.0 0.0 0.0 0.0 0.0 0.37130801687763715 0.0967741935483871,3.8098543623247583,0,28901,0 3 0 0 0 283 -101,0.0 0.0 0.0 0.0 0.0 0.19831223628691982 0.5053763440860215,2.4884987069552196,0,28920,0 3 0 0 0 314 -96,0.0 0.0 0.0 0.0 0.0 0.3291139240506329 0.5591397849462365,3.8502790254525654,0,28907,0 3 0 0 0 319 -139,0.0 0.0 0.0 0.0 0.0 0.350210970464135 0.0967741935483871,3.598883898189737,0,28902,0 3 0 0 0 314 -97,0.0 0.0 0.0 0.0 0.0 0.3291139240506329 0.5483870967741935,3.8395263372805224,0,28908,0 3 0 0 0 318 -137,0.0 0.0 0.0 0.0 0.0 0.3459915611814346 0.11827956989247312,3.578195181706819,0,28903,0 3 0 0 0 314 -98,0.0 0.0 0.0 0.0 0.0 0.3291139240506329 0.5376344086021505,3.8287736491084794,0,28909,0 3 0 0 0 314 -97,0.0 0.0 0.0 0.0 0.0 0.3291139240506329 0.5483870967741935,3.8395263372805224,0,28908,0 3 0 0 0 318 -137,0.0 0.0 0.0 0.0 0.0 0.3459915611814346 0.11827956989247312,3.578195181706819,0,28903,0 3 0 0 0 314 -97,0.0 0.0 0.0 0.0 0.0 0.3291139240506329 0.5483870967741935,3.8395263372805224,0,28908,0 3 0 0 0 283 -101,0.0 0.0 0.0 0.0 0.0 0.19831223628691982 0.5053763440860215,2.4884987069552196,0,28920,0 3 0 0 0 314 -97,0.0 0.0 0.0 0.0 0.0 0.3291139240506329 0.5483870967741935,3.8395263372805224,0,28908,0 3 0 0 0 314 -97,0.0 0.0 0.0 0.0 0.0 0.3291139240506329 0.5483870967741935,3.8395263372805224,0,28908,0 3 0 0 0 314 -96,0.0 0.0 0.0 0.0 0.0 0.3291139240506329 0.5591397849462365,3.8502790254525654,0,28907,0 3 0 0 0 314 -98,0.0 0.0 0.0 0.0 0.0 0.3291139240506329 0.5376344086021505,3.8287736491084794,0,28909,0 3 0 0 0 314 -96,0.0 0.0 0.0 0.0 0.0 0.3291139240506329 0.5591397849462365,3.8502790254525654,0,28907
resolved-c28d-3600-1st/nsp-n30-d28-r0.10-rp2-fp2-s1,0 0 12 104 0 272 -74,0.0 0.0 1.0 0.7304964539007093 0.0 0.1649928263988522 0.15,10732.296382164697,0,4346,0 0 4 1 0 157 -92,0.0 0.0 0.0 0.0 0.0 0.0 0.0,0.0,0,26158,0 0 4 1 0 353 -56,0.0 0.0 0.0 0.0 0.0 0.2812051649928264 0.3,3.1120516499282638,0,26076,0 0 4 80 8 753 -13,0.0 0.0 0.0 0.5602836879432624 0.2 0.8550932568149211 0.6583333333333333,589.492953844745,0,27653,0 0 4 110 40 815 -19,0.0 0.0 0.0 0.7730496453900709 1.0 0.9440459110473458 0.6083333333333333,883.0984378338777,0,27265,0 0 4 63 4 681 -3,0.0 0.0 0.0 0.4397163120567376 0.1 0.7517934002869441 0.7416666666666667,457.9759127262737,0,28068,0 0 4 135 39 762 4,0.0 0.0 0.0 0.950354609929078 0.975 0.8680057388809183 0.8,1057.3346673178871,0,27025,0 0 4 106 40 816 -5,0.0 0.0 0.0 0.7446808510638298 1.0 0.945480631276901 0.725,854.8606573765987,0,27368,0 0 7 142 18 801 28,0.0 0.0 0.375 1.0 0.45 0.9239598278335724 1.0,4805.2395982783355,0,26325,0 0 4 63 4 681 0,0.0 0.0 0.0 0.4397163120567376 0.1 0.7517934002869441 0.7666666666666667,458.0009127262737,0,28066,0 0 4 111 40 854 -26,0.0 0.0 0.0 0.7801418439716312 1.0 1.0 0.55,890.6918439716312,0,27238,0 0 4 106 37 808 1,0.0 0.0 0.0 0.7446808510638298 0.925 0.9340028694404591 0.775,847.2958797582344,0,27378,0 0 4 62 5 633 6,0.0 0.0 0.0 0.4326241134751773 0.125 0.6829268292682927 0.8166666666666667,452.77004843452687,0,28132,0 0 4 111 40 854 -26,0.0 0.0 0.0 0.7801418439716312 1.0 1.0 0.55,890.6918439716312,0,27238,0 0 4 54 4 629 17,0.0 0.0 0.0 0.375886524822695 0.1 0.6771879483500718 0.9083333333333333,393.5667376395291,0,28351,0 0 4 27 0 659 10,0.0 0.0 0.0 0.18439716312056736 0.0 0.7202295552367288 0.85,192.44945867293467,0,29016,0 0 4 54 4 617 11,0.0 0.0 0.0 0.375886524822695 0.1 0.6599713055954088 0.8583333333333333,393.34457121198244,0,28362,0 0 4 44 2 522 -15,0.0 0.0 0.0 0.3049645390070922 0.05 0.5236728837876614 0.6416666666666667,315.84293451163546,0,28650,0 0 4 48 1 539 -11,0.0 0.0 0.0 0.3333333333333333 0.025 0.5480631276901005 0.675,341.9889646102343,0,28547
resolved-c28d-3600-1st/nsp-n50-d28-r0.10-rp2-fp2-s0,2 21 2212 390 143 4932 -83,1.0 0.0 0.0 0.0 0.0 0.5372750642673522 0.0,1000005.3727506427,0,11970,1 113 2435 792 209 4580 -21,0.5 0.2562674094707521 0.35453100158982515 0.3241935483870968 0.36464088397790057 0.23564695801199656 0.512396694214876,529535.5774660327,0,14050,0 323 2689 1187 242 4305 -12,0.0 0.841225626740947 0.7583465818759937 0.6427419354838709 0.5469613259668509 0.0 0.5867768595041323,92404.0533377947,0,10812,1 380 2841 1480 316 5438 30,0.5 1.0 1.0 0.8790322580645161 0.9558011049723757 0.9708654670094259 0.9338842975206612,610985.2549075293,0,19489,1 380 2840 1501 324 5472 32,0.5 1.0 0.9984101748807631 0.8959677419354839 1.0 1.0 0.9504132231404959,610991.0199039662,0,19497,1 380 2841 1480 316 5437 30,0.5 1.0 1.0 0.8790322580645161 0.9558011049723757 0.9700085689802913 0.9338842975206612,610985.2463385491,0,19490,1 378 2707 1630 308 5375 38,0.5 0.9944289693593314 0.7869634340222575 1.0 0.9116022099447514 0.9168808911739503 1.0,608413.8603060619,0,19925,1 378 2705 1557 308 5286 31,0.5 0.9944289693593314 0.7837837837837838 0.9411290322580645 0.9116022099447514 0.8406169665809768 0.9421487603305785,608322.3723454496,0,20120,1 380 2841 1480 316 5437 30,0.5 1.0 1.0 0.8790322580645161 0.9558011049723757 0.9700085689802913 0.9338842975206612,610985.2463385491,0,19490,1 378 2837 1508 316 5468 27,0.5 0.9944289693593314 0.9936406995230525 0.9016129032258065 0.9558011049723757 0.9965724078834619 0.9090909090909091,610387.3717598746,0,19760,1 378 2837 1500 316 5464 27,0.5 0.9944289693593314 0.9936406995230525 0.8951612903225806 0.9558011049723757 0.9931448157669237 0.9090909090909091,610380.8858710503,0,19798,1 378 2837 1500 316 5464 27,0.5 0.9944289693593314 0.9936406995230525 0.8951612903225806 0.9558011049723757 0.9931448157669237 0.9090909090909091,610380.8858710503,0,19798,1 378 2837 1500 316 5465 27,0.5 0.9944289693593314 0.9936406995230525 0.8951612903225806 0.9558011049723757 0.9940017137960583 0.9090909090909091,610380.8944400306,0,19797,1 380 2841 1480 316 5437 30,0.5 1.0 1.0 0.8790322580645161 0.9558011049723757 0.9700085689802913 0.9338842975206612,610985.2463385491,0,19490,1 378 2837 1500 316 5464 27,0.5 0.9944289693593314 0.9936406995230525 0.8951612903225806 0.9558011049723757 0.9931448157669237 0.9090909090909091,610380.8858710503,0,19798,1 378 2707 1630 308 5375 38,0.5 0.9944289693593314 0.7869634340222575 1.0 0.9116022099447514 0.9168808911739503 1.0,608413.8603060619,0,19925,1 378 2837 1500 316 5464 27,0.5 0.9944289693593314 0.9936406995230525 0.8951612903225806 0.9558011049723757 0.9931448157669237 0.9090909090909091,610380.8858710503,0,19798,1 378 2707 1630 308 5375 38,0.5 0.9944289693593314 0.7869634340222575 1.0 0.9116022099447514 0.9168808911739503 1.0,608413.8603060619,0,19925,1 378 2837 1500 316 5464 27,0.5 0.9944289693593314 0.9936406995230525 0.8951612903225806 0.9558011049723757 0.9931448157669237 0.9090909090909091,610380.8858710503,0,19798
resolved-c28d-3600-1st/nsp-n50-d28-r0.10-rp2-fp2-s9,0 0 0 0 0 188 -237,0.0 0.0 0.0 0.0 0.0 0.0 0.0,0.0,0,1005,0 0 0 0 0 224 -193,0.0 0.0 0.0 0.0 0.0 0.16666666666666666 0.4583333333333333,2.125,0,786,0 0 0 0 0 252 -172,0.0 0.0 0.0 0.0 0.0 0.2962962962962963 0.6770833333333334,3.6400462962962963,0,628,0 0 0 0 0 404 -157,0.0 0.0 0.0 0.0 0.0 1.0 0.8333333333333334,10.833333333333334,0,223,0 0 0 0 0 404 -157,0.0 0.0 0.0 0.0 0.0 1.0 0.8333333333333334,10.833333333333334,0,223,0 0 0 0 0 304 -141,0.0 0.0 0.0 0.0 0.0 0.5370370370370371 1.0,6.370370370370371,0,243,0 0 0 0 0 304 -141,0.0 0.0 0.0 0.0 0.0 0.5370370370370371 1.0,6.370370370370371,0,243,0 0 0 0 0 404 -157,0.0 0.0 0.0 0.0 0.0 1.0 0.8333333333333334,10.833333333333334,0,223,0 0 0 0 0 404 -157,0.0 0.0 0.0 0.0 0.0 1.0 0.8333333333333334,10.833333333333334,0,223,0 0 0 0 0 404 -157,0.0 0.0 0.0 0.0 0.0 1.0 0.8333333333333334,10.833333333333334,0,223,0 0 0 0 0 404 -157,0.0 0.0 0.0 0.0 0.0 1.0 0.8333333333333334,10.833333333333334,0,223,0 0 0 0 0 304 -141,0.0 0.0 0.0 0.0 0.0 0.5370370370370371 1.0,6.370370370370371,0,243,0 0 0 0 0 304 -141,0.0 0.0 0.0 0.0 0.0 0.5370370370370371 1.0,6.370370370370371,0,243,0 0 0 0 0 304 -141,0.0 0.0 0.0 0.0 0.0 0.5370370370370371 1.0,6.370370370370371,0,243,0 0 0 0 0 404 -157,0.0 0.0 0.0 0.0 0.0 1.0 0.8333333333333334,10.833333333333334,0,223,0 0 0 0 0 304 -141,0.0 0.0 0.0 0.0 0.0 0.5370370370370371 1.0,6.370370370370371,0,243,0 0 0 0 0 404 -157,0.0 0.0 0.0 0.0 0.0 1.0 0.8333333333333334,10.833333333333334,0,223,0 0 0 0 0 304 -141,0.0 0.0 0.0 0.0 0.0 0.5370370370370371 1.0,6.370370370370371,0,243,0 0 0 0 0 404 -157,0.0 0.0 0.0 0.0 0.0 1.0 0.8333333333333334,10.833333333333334,0,223
